deepspeech2-0_1,1201,0,25,8,-1,-1,-1,-1,-1,2,2,1,-1,0,-1,-1,-1,0
cifar10-1_1,1312,0,34,8,-1,-1,-1,-1,-1,2,4,2,-1,0,-1,-1,-1,1
bert-2_1,1432,0,41,1,-1,-1,-1,-1,-1,2,7,2,-1,0,-1,-1,-1,1
deepspeech2-3_1,1802,0,56,1,-1,-1,-1,-1,-1,2,9,1,-1,0,-1,-1,-1,0
cifar10-4_1,2384,0,73,6,-1,-1,-1,-1,-1,2,7,2,-1,0,-1,-1,-1,1
cifar10-5_1,2810,0,74,1,-1,-1,-1,-1,-1,2,19,2,-1,0,-1,-1,-1,1
cifar10-6_1,2851,0,75,1,-1,-1,-1,-1,-1,2,22,2,-1,0,-1,-1,-1,1
bert-7_1,2943,0,109,6,-1,-1,-1,-1,-1,2,25,1,-1,0,-1,-1,-1,1
cifar10-8_1,3151,0,128,1,-1,-1,-1,-1,-1,2,25,1,-1,0,-1,-1,-1,1
bert-9_1,3371,0,138,2,-1,-1,-1,-1,-1,2,9,1,-1,0,-1,-1,-1,1
cifar10-10_1,3395,0,141,6,-1,-1,-1,-1,-1,2,22,2,-1,0,-1,-1,-1,1
deepspeech2-11_1,3731,0,149,8,-1,-1,-1,-1,-1,2,43,1,-1,0,-1,-1,-1,0
cifar10-12_1,3770,0,187,2,-1,-1,-1,-1,-1,2,6,1,-1,0,-1,-1,-1,1
cifar10-13_1,4007,0,194,1,-1,-1,-1,-1,-1,2,44,1,-1,0,-1,-1,-1,1
cifar10-14_1,4300,0,200,1,-1,-1,-1,-1,-1,2,6,1,-1,0,-1,-1,-1,1
cifar10-15_1,4695,0,214,4,-1,-1,-1,-1,-1,2,44,1,-1,0,-1,-1,-1,1
cifar10-16_1,4724,0,218,8,-1,-1,-1,-1,-1,2,43,1,-1,0,-1,-1,-1,1
cifar10-17_1,4767,0,259,8,-1,-1,-1,-1,-1,2,43,1,-1,0,-1,-1,-1,1
cifar10-18_1,5109,0,260,4,-1,-1,-1,-1,-1,2,43,1,-1,0,-1,-1,-1,1
cifar10-19_1,5203,0,273,8,-1,-1,-1,-1,-1,2,22,2,-1,0,-1,-1,-1,1
cifar10-20_1,5336,0,285,10,-1,-1,-1,-1,-1,2,43,1,-1,0,-1,-1,-1,1
cifar10-21_1,5825,0,288,1,-1,-1,-1,-1,-1,2,22,2,-1,0,-1,-1,-1,1
cifar10-22_1,6033,0,290,2,-1,-1,-1,-1,-1,2,7,2,-1,0,-1,-1,-1,1
deepspeech2-23_1,6303,0,302,1,-1,-1,-1,-1,-1,2,7,2,-1,0,-1,-1,-1,0
bert-24_1,6571,0,330,1,-1,-1,-1,-1,-1,2,7,2,-1,0,-1,-1,-1,1
cifar10-25_1,6581,0,334,8,-1,-1,-1,-1,-1,2,7,2,-1,0,-1,-1,-1,1
bert-26_1,6589,0,343,1,-1,-1,-1,-1,-1,2,7,2,-1,0,-1,-1,-1,1
deepspeech2-27_1,6835,0,347,1,-1,-1,-1,-1,-1,2,7,2,-1,0,-1,-1,-1,0
deepspeech2-28_1,6872,0,362,1,-1,-1,-1,-1,-1,2,7,2,-1,0,-1,-1,-1,0
deepspeech2-29_1,6878,0,363,1,-1,-1,-1,-1,-1,2,7,2,-1,0,-1,-1,-1,0
cifar10-30_1,7024,0,364,10,-1,-1,-1,-1,-1,2,7,2,-1,0,-1,-1,-1,1
cifar10-31_1,7461,0,382,8,-1,-1,-1,-1,-1,2,7,2,-1,0,-1,-1,-1,1
bert-32_1,7906,0,392,8,-1,-1,-1,-1,-1,2,7,2,-1,0,-1,-1,-1,1
cifar10-33_1,8147,0,403,10,-1,-1,-1,-1,-1,2,7,2,-1,0,-1,-1,-1,1
deepspeech2-34_1,8692,0,404,1,-1,-1,-1,-1,-1,2,7,2,-1,0,-1,-1,-1,0
bert-35_1,8914,0,404,1,-1,-1,-1,-1,-1,2,7,2,-1,0,-1,-1,-1,1
deepspeech2-36_1,9317,0,421,2,-1,-1,-1,-1,-1,2,7,2,-1,0,-1,-1,-1,0
bert-37_1,9474,0,421,16,-1,-1,-1,-1,-1,2,7,2,-1,0,-1,-1,-1,1
bert-38_1,9509,0,421,1,-1,-1,-1,-1,-1,2,7,2,-1,0,-1,-1,-1,1
cifar10-39_1,9562,0,448,8,-1,-1,-1,-1,-1,2,7,2,-1,0,-1,-1,-1,1
cifar10-40_1,9681,0,454,2,-1,-1,-1,-1,-1,2,7,2,-1,0,-1,-1,-1,1
cifar10-41_1,10190,0,456,1,-1,-1,-1,-1,-1,2,7,2,-1,0,-1,-1,-1,1
bert-42_1,10557,0,458,1,-1,-1,-1,-1,-1,2,7,2,-1,0,-1,-1,-1,1
cifar10-43_1,10569,0,461,1,-1,-1,-1,-1,-1,2,7,2,-1,0,-1,-1,-1,1
cifar10-44_1,10594,0,472,1,-1,-1,-1,-1,-1,2,7,2,-1,0,-1,-1,-1,1
cifar10-45_1,11188,0,521,2,-1,-1,-1,-1,-1,2,7,2,-1,0,-1,-1,-1,1
cifar10-46_1,11721,0,528,2,-1,-1,-1,-1,-1,2,7,2,-1,0,-1,-1,-1,1
cifar10-47_1,11723,0,533,4,-1,-1,-1,-1,-1,2,7,2,-1,0,-1,-1,-1,1
bert-48_1,11743,0,554,1,-1,-1,-1,-1,-1,2,7,2,-1,0,-1,-1,-1,1
deepspeech2-49_1,11780,0,554,1,-1,-1,-1,-1,-1,2,7,2,-1,0,-1,-1,-1,0
bert-50_1,11924,0,555,8,-1,-1,-1,-1,-1,2,7,2,-1,0,-1,-1,-1,1
bert-51_1,12040,0,560,8,-1,-1,-1,-1,-1,2,7,2,-1,0,-1,-1,-1,1
bert-52_1,12174,0,571,1,-1,-1,-1,-1,-1,2,7,2,-1,0,-1,-1,-1,1
bert-53_1,13344,0,576,1,-1,-1,-1,-1,-1,2,7,2,-1,0,-1,-1,-1,1
deepspeech2-54_1,13396,0,577,1,-1,-1,-1,-1,-1,2,7,2,-1,0,-1,-1,-1,0
bert-55_1,13433,0,581,1,-1,-1,-1,-1,-1,2,7,2,-1,0,-1,-1,-1,1
bert-56_1,14195,0,653,1,-1,-1,-1,-1,-1,2,58,1,-1,0,-1,-1,-1,1
cifar10-57_1,14594,0,666,1,-1,-1,-1,-1,-1,2,58,1,-1,0,-1,-1,-1,1
deepspeech2-58_1,14613,0,689,1,-1,-1,-1,-1,-1,2,58,1,-1,0,-1,-1,-1,0
bert-59_1,14920,0,707,2,-1,-1,-1,-1,-1,2,58,1,-1,0,-1,-1,-1,1
cifar10-60_1,15056,0,713,8,-1,-1,-1,-1,-1,2,58,1,-1,0,-1,-1,-1,1
cifar10-61_1,15832,0,716,4,-1,-1,-1,-1,-1,2,58,1,-1,0,-1,-1,-1,1
cifar10-62_1,16427,0,729,1,-1,-1,-1,-1,-1,2,7,2,-1,0,-1,-1,-1,1
cifar10-63_1,16475,0,729,1,-1,-1,-1,-1,-1,2,58,1,-1,0,-1,-1,-1,1
cifar10-64_1,16862,0,747,1,-1,-1,-1,-1,-1,2,7,2,-1,0,-1,-1,-1,1
deepspeech2-65_1,17032,0,754,1,-1,-1,-1,-1,-1,2,7,2,-1,0,-1,-1,-1,0
cifar10-66_1,17236,0,759,4,-1,-1,-1,-1,-1,2,7,2,-1,0,-1,-1,-1,1
bert-67_1,17387,0,759,8,-1,-1,-1,-1,-1,2,58,1,-1,0,-1,-1,-1,1
cifar10-68_1,17979,0,780,2,-1,-1,-1,-1,-1,2,58,1,-1,0,-1,-1,-1,1
bert-69_1,18292,0,782,1,-1,-1,-1,-1,-1,2,7,2,-1,0,-1,-1,-1,1
bert-70_1,18453,0,787,1,-1,-1,-1,-1,-1,2,58,1,-1,0,-1,-1,-1,1
deepspeech2-71_1,18861,0,815,2,-1,-1,-1,-1,-1,2,7,2,-1,0,-1,-1,-1,0
deepspeech2-72_1,19129,0,821,1,-1,-1,-1,-1,-1,2,7,2,-1,0,-1,-1,-1,0
bert-73_1,19193,0,821,1,-1,-1,-1,-1,-1,2,7,2,-1,0,-1,-1,-1,1
cifar10-74_1,19324,0,828,8,-1,-1,-1,-1,-1,2,7,2,-1,0,-1,-1,-1,1
cifar10-75_1,19664,0,834,8,-1,-1,-1,-1,-1,2,7,2,-1,0,-1,-1,-1,1
cifar10-76_1,19954,0,837,1,-1,-1,-1,-1,-1,2,58,1,-1,0,-1,-1,-1,1
cifar10-77_1,20149,0,848,1,-1,-1,-1,-1,-1,2,58,1,-1,0,-1,-1,-1,1
cifar10-78_1,20336,0,857,8,-1,-1,-1,-1,-1,2,7,2,-1,0,-1,-1,-1,1
deepspeech2-79_1,20797,0,865,1,-1,-1,-1,-1,-1,2,7,2,-1,0,-1,-1,-1,0
bert-80_1,21086,0,889,1,-1,-1,-1,-1,-1,2,58,1,-1,0,-1,-1,-1,1
cifar10-81_1,21192,0,890,1,-1,-1,-1,-1,-1,2,58,1,-1,0,-1,-1,-1,1
bert-82_1,21644,0,893,1,-1,-1,-1,-1,-1,2,58,1,-1,0,-1,-1,-1,1
deepspeech2-83_1,21801,0,903,1,-1,-1,-1,-1,-1,2,7,2,-1,0,-1,-1,-1,0
bert-84_1,21810,0,917,1,-1,-1,-1,-1,-1,2,7,2,-1,0,-1,-1,-1,1
bert-85_1,21990,0,918,16,-1,-1,-1,-1,-1,2,7,2,-1,0,-1,-1,-1,1
cifar10-86_1,22123,0,922,8,-1,-1,-1,-1,-1,2,7,2,-1,0,-1,-1,-1,1
cifar10-87_1,22123,0,923,6,-1,-1,-1,-1,-1,2,58,1,-1,0,-1,-1,-1,1
cifar10-88_1,22164,744,923,3,-1,-1,-1,-1,-1,2,58,1,-1,0,-1,-1,-1,1
cifar10-89_1,22530,0,944,2,-1,-1,-1,-1,-1,2,58,1,-1,0,-1,-1,-1,1
cifar10-90_1,22938,0,957,1,-1,-1,-1,-1,-1,2,7,2,-1,0,-1,-1,-1,1
bert-91_1,22992,0,961,1,-1,-1,-1,-1,-1,2,58,1,-1,0,-1,-1,-1,1
cifar10-92_1,23404,0,965,4,-1,-1,-1,-1,-1,2,71,1,-1,0,-1,-1,-1,1
cifar10-93_1,23641,0,969,1,-1,-1,-1,-1,-1,2,58,1,-1,0,-1,-1,-1,1
cifar10-94_1,23662,0,971,1,-1,-1,-1,-1,-1,2,58,1,-1,0,-1,-1,-1,1
cifar10-95_1,24133,0,978,1,-1,-1,-1,-1,-1,2,7,2,-1,0,-1,-1,-1,1
deepspeech2-96_1,24281,0,991,1,-1,-1,-1,-1,-1,2,58,1,-1,0,-1,-1,-1,0
cifar10-97_1,24361,0,995,2,-1,-1,-1,-1,-1,2,7,2,-1,0,-1,-1,-1,1
cifar10-98_1,24480,0,999,6,-1,-1,-1,-1,-1,2,58,1,-1,0,-1,-1,-1,1
cifar10-99_1,25189,0,1000,2,-1,-1,-1,-1,-1,2,58,1,-1,0,-1,-1,-1,1
cifar10-100_1,25317,0,1000,2,-1,-1,-1,-1,-1,2,71,1,-1,0,-1,-1,-1,1
cifar10-101_1,25359,0,1002,1,-1,-1,-1,-1,-1,2,58,1,-1,0,-1,-1,-1,1
cifar10-102_1,25776,0,1007,1,-1,-1,-1,-1,-1,2,71,1,-1,0,-1,-1,-1,1
cifar10-103_1,26122,0,1008,4,-1,-1,-1,-1,-1,2,58,1,-1,0,-1,-1,-1,1
cifar10-104_1,26211,0,1014,4,-1,-1,-1,-1,-1,2,7,2,-1,0,-1,-1,-1,1
cifar10-105_1,26302,0,1015,1,-1,-1,-1,-1,-1,2,7,2,-1,0,-1,-1,-1,1
bert-106_1,26383,0,1020,1,-1,-1,-1,-1,-1,2,73,1,-1,0,-1,-1,-1,1
bert-107_1,26730,0,1021,2,-1,-1,-1,-1,-1,2,22,2,-1,0,-1,-1,-1,1
cifar10-108_1,26985,0,1031,2,-1,-1,-1,-1,-1,2,71,1,-1,0,-1,-1,-1,1
yolov3-109_1,27779,0,1031,4,-1,-1,-1,-1,-1,2,7,2,-1,0,-1,-1,-1,0
cifar10-110_1,27966,0,1039,4,-1,-1,-1,-1,-1,2,7,2,-1,0,-1,-1,-1,1
deepspeech2-111_1,28526,0,1043,1,-1,-1,-1,-1,-1,2,7,2,-1,0,-1,-1,-1,0
bert-112_1,28676,0,1048,6,-1,-1,-1,-1,-1,2,7,2,-1,0,-1,-1,-1,1
bert-113_1,28823,0,1049,2,-1,-1,-1,-1,-1,2,7,2,-1,0,-1,-1,-1,1
cifar10-114_1,29041,0,1063,1,-1,-1,-1,-1,-1,2,7,2,-1,0,-1,-1,-1,1
cifar10-115_1,29352,0,1066,1,-1,-1,-1,-1,-1,2,7,2,-1,0,-1,-1,-1,1
cifar10-116_1,29413,0,1066,1,-1,-1,-1,-1,-1,2,7,2,-1,0,-1,-1,-1,1
bert-117_1,29435,0,1072,6,-1,-1,-1,-1,-1,2,7,2,-1,0,-1,-1,-1,1
cifar10-118_1,29766,0,1075,1,-1,-1,-1,-1,-1,2,7,2,-1,0,-1,-1,-1,1
cifar10-119_1,30034,0,1076,1,-1,-1,-1,-1,-1,2,7,2,-1,0,-1,-1,-1,1
deepspeech2-120_1,30087,0,1078,8,-1,-1,-1,-1,-1,2,7,2,-1,0,-1,-1,-1,0
bert-121_1,30300,0,1081,8,-1,-1,-1,-1,-1,2,7,2,-1,0,-1,-1,-1,1
deepspeech2-122_1,30344,0,1087,8,-1,-1,-1,-1,-1,2,7,2,-1,0,-1,-1,-1,0
cifar10-123_1,30463,0,1095,4,-1,-1,-1,-1,-1,2,7,2,-1,0,-1,-1,-1,1
imagenet-124_1,30522,0,1096,1,-1,-1,-1,-1,-1,2,7,2,-1,0,-1,-1,-1,0
cifar10-125_1,30629,0,1100,1,-1,-1,-1,-1,-1,2,7,2,-1,0,-1,-1,-1,1
cifar10-126_1,30798,0,1106,8,-1,-1,-1,-1,-1,2,7,2,-1,0,-1,-1,-1,1
deepspeech2-127_1,30999,0,1108,8,-1,-1,-1,-1,-1,2,7,2,-1,0,-1,-1,-1,0
cifar10-128_1,31043,0,1112,4,-1,-1,-1,-1,-1,2,7,2,-1,0,-1,-1,-1,1
cifar10-129_1,31070,0,1117,4,-1,-1,-1,-1,-1,2,7,2,-1,0,-1,-1,-1,1
cifar10-130_1,31269,0,1118,1,-1,-1,-1,-1,-1,2,7,2,-1,0,-1,-1,-1,1
cifar10-131_1,31633,0,1122,1,-1,-1,-1,-1,-1,2,7,2,-1,0,-1,-1,-1,1
cifar10-132_1,32218,0,1131,6,-1,-1,-1,-1,-1,2,7,2,-1,0,-1,-1,-1,1
cifar10-133_1,32313,0,1136,4,-1,-1,-1,-1,-1,2,7,2,-1,0,-1,-1,-1,1
bert-134_1,32935,0,1137,8,-1,-1,-1,-1,-1,2,7,2,-1,0,-1,-1,-1,1
deepspeech2-135_1,33046,0,1139,1,-1,-1,-1,-1,-1,2,7,2,-1,0,-1,-1,-1,0
yolov3-136_1,33069,0,1140,4,-1,-1,-1,-1,-1,2,7,2,-1,0,-1,-1,-1,0
bert-137_1,33190,0,1141,8,-1,-1,-1,-1,-1,2,7,2,-1,0,-1,-1,-1,1
cifar10-138_1,33406,0,1143,4,-1,-1,-1,-1,-1,2,7,2,-1,0,-1,-1,-1,1
cifar10-139_1,33479,0,1146,1,-1,-1,-1,-1,-1,2,7,2,-1,0,-1,-1,-1,1
cifar10-140_1,34737,0,1147,6,-1,-1,-1,-1,-1,2,7,2,-1,0,-1,-1,-1,1
deepspeech2-141_1,34841,0,1160,1,-1,-1,-1,-1,-1,2,7,2,-1,0,-1,-1,-1,0
cifar10-142_1,35348,0,1173,1,-1,-1,-1,-1,-1,2,7,2,-1,0,-1,-1,-1,1
deepspeech2-143_1,35481,0,1176,8,-1,-1,-1,-1,-1,2,7,2,-1,0,-1,-1,-1,0
deepspeech2-144_1,35646,0,1176,1,-1,-1,-1,-1,-1,2,7,2,-1,0,-1,-1,-1,0
cifar10-145_1,35985,0,1180,2,-1,-1,-1,-1,-1,2,7,2,-1,0,-1,-1,-1,1
deepspeech2-146_1,36100,0,1181,1,-1,-1,-1,-1,-1,2,7,2,-1,0,-1,-1,-1,0
yolov3-147_1,36122,0,1182,4,-1,-1,-1,-1,-1,2,7,2,-1,0,-1,-1,-1,0
cifar10-148_1,36157,0,1208,6,-1,-1,-1,-1,-1,2,7,2,-1,0,-1,-1,-1,1
deepspeech2-149_1,36230,0,1214,1,-1,-1,-1,-1,-1,2,7,2,-1,0,-1,-1,-1,0
cifar10-150_1,36310,0,1219,6,-1,-1,-1,-1,-1,2,7,2,-1,0,-1,-1,-1,1
cifar10-151_1,36318,0,1220,8,-1,-1,-1,-1,-1,2,7,2,-1,0,-1,-1,-1,1
deepspeech2-152_1,36511,0,1220,1,-1,-1,-1,-1,-1,2,7,2,-1,0,-1,-1,-1,0
cifar10-153_1,36528,0,1220,1,-1,-1,-1,-1,-1,2,7,2,-1,0,-1,-1,-1,1
cifar10-154_1,37064,0,1224,1,-1,-1,-1,-1,-1,2,7,2,-1,0,-1,-1,-1,1
deepspeech2-155_1,37557,0,1233,8,-1,-1,-1,-1,-1,2,7,2,-1,0,-1,-1,-1,0
cifar10-156_1,38122,0,1238,4,-1,-1,-1,-1,-1,2,7,2,-1,0,-1,-1,-1,1
bert-157_1,38534,0,1240,8,-1,-1,-1,-1,-1,2,7,2,-1,0,-1,-1,-1,1
cifar10-158_1,38859,0,1242,8,-1,-1,-1,-1,-1,2,7,2,-1,0,-1,-1,-1,1
cifar10-159_1,38989,0,1244,1,-1,-1,-1,-1,-1,2,7,2,-1,0,-1,-1,-1,1
cifar10-160_1,39315,0,1245,1,-1,-1,-1,-1,-1,2,7,2,-1,0,-1,-1,-1,1
bert-161_1,39374,0,1258,1,-1,-1,-1,-1,-1,2,7,2,-1,0,-1,-1,-1,1
cifar10-162_1,39539,0,1281,4,-1,-1,-1,-1,-1,2,7,2,-1,0,-1,-1,-1,1
cifar10-163_1,39622,0,1288,4,-1,-1,-1,-1,-1,2,7,2,-1,0,-1,-1,-1,1
cifar10-164_1,39749,0,1291,1,-1,-1,-1,-1,-1,2,7,2,-1,0,-1,-1,-1,1
cifar10-165_1,40011,0,1292,1,-1,-1,-1,-1,-1,2,7,2,-1,0,-1,-1,-1,1
cifar10-166_1,40239,0,1293,4,-1,-1,-1,-1,-1,2,7,2,-1,0,-1,-1,-1,1
bert-167_1,40434,0,1305,2,-1,-1,-1,-1,-1,2,7,2,-1,0,-1,-1,-1,1
deepspeech2-168_1,40441,0,1313,1,-1,-1,-1,-1,-1,2,7,2,-1,0,-1,-1,-1,0
cifar10-169_1,40475,0,1316,2,-1,-1,-1,-1,-1,2,7,2,-1,0,-1,-1,-1,1
cifar10-170_1,40549,0,1332,1,-1,-1,-1,-1,-1,2,7,2,-1,0,-1,-1,-1,1
deepspeech2-171_1,41649,0,1333,8,-1,-1,-1,-1,-1,2,7,2,-1,0,-1,-1,-1,0
bert-172_1,41682,0,1335,2,-1,-1,-1,-1,-1,2,7,2,-1,0,-1,-1,-1,1
bert-173_1,41789,0,1352,1,-1,-1,-1,-1,-1,2,7,2,-1,0,-1,-1,-1,1
cifar10-174_1,41895,0,1354,1,-1,-1,-1,-1,-1,2,7,2,-1,0,-1,-1,-1,1
cifar10-175_1,42151,0,1355,1,-1,-1,-1,-1,-1,2,7,2,-1,0,-1,-1,-1,1
cifar10-176_1,42233,0,1356,1,-1,-1,-1,-1,-1,2,7,2,-1,0,-1,-1,-1,1
cifar10-177_1,42420,0,1356,4,-1,-1,-1,-1,-1,2,7,2,-1,0,-1,-1,-1,1
cifar10-178_1,42578,0,1358,1,-1,-1,-1,-1,-1,2,7,2,-1,0,-1,-1,-1,1
cifar10-179_1,43101,0,1359,2,-1,-1,-1,-1,-1,2,7,2,-1,0,-1,-1,-1,1
cifar10-180_1,43788,0,1360,1,-1,-1,-1,-1,-1,2,7,2,-1,0,-1,-1,-1,1
cifar10-181_1,43933,0,1361,1,-1,-1,-1,-1,-1,2,7,2,-1,0,-1,-1,-1,1
cifar10-182_1,44200,0,1363,6,-1,-1,-1,-1,-1,2,7,2,-1,0,-1,-1,-1,1
bert-183_1,44295,0,1364,1,-1,-1,-1,-1,-1,2,7,2,-1,0,-1,-1,-1,1
cifar10-184_1,44500,0,1365,1,-1,-1,-1,-1,-1,2,7,2,-1,0,-1,-1,-1,1
cifar10-185_1,44666,0,1366,1,-1,-1,-1,-1,-1,2,7,2,-1,0,-1,-1,-1,1
cifar10-186_1,44894,0,1368,6,-1,-1,-1,-1,-1,2,7,2,-1,0,-1,-1,-1,1
cifar10-187_1,44918,0,1369,1,-1,-1,-1,-1,-1,2,7,2,-1,0,-1,-1,-1,1
cifar10-188_1,44939,0,1386,1,-1,-1,-1,-1,-1,2,7,2,-1,0,-1,-1,-1,1
deepspeech2-189_1,45196,0,1386,1,-1,-1,-1,-1,-1,2,7,2,-1,0,-1,-1,-1,0
cifar10-190_1,45457,0,1395,2,-1,-1,-1,-1,-1,2,7,2,-1,0,-1,-1,-1,1
bert-191_1,45720,0,1403,1,-1,-1,-1,-1,-1,2,7,2,-1,0,-1,-1,-1,1
deepspeech2-192_1,45882,0,1423,2,-1,-1,-1,-1,-1,2,7,2,-1,0,-1,-1,-1,0
deepspeech2-193_1,45908,0,1430,2,-1,-1,-1,-1,-1,2,7,2,-1,0,-1,-1,-1,0
deepspeech2-194_1,45993,0,1434,1,-1,-1,-1,-1,-1,2,7,2,-1,0,-1,-1,-1,0
bert-195_1,46147,0,1435,1,-1,-1,-1,-1,-1,2,7,2,-1,0,-1,-1,-1,1
bert-196_1,46279,0,1439,1,-1,-1,-1,-1,-1,2,7,2,-1,0,-1,-1,-1,1
bert-197_1,46976,0,1440,1,-1,-1,-1,-1,-1,2,7,2,-1,0,-1,-1,-1,1
cifar10-198_1,47029,0,1441,4,-1,-1,-1,-1,-1,2,7,2,-1,0,-1,-1,-1,1
cifar10-199_1,47071,0,1442,1,-1,-1,-1,-1,-1,2,7,2,-1,0,-1,-1,-1,1
cifar10-200_1,47130,0,1450,1,-1,-1,-1,-1,-1,2,7,2,-1,0,-1,-1,-1,1
bert-201_1,47144,0,1454,2,-1,-1,-1,-1,-1,2,7,2,-1,0,-1,-1,-1,1
bert-202_1,47156,0,1458,1,-1,-1,-1,-1,-1,2,7,2,-1,0,-1,-1,-1,1
cifar10-203_1,47539,0,1468,1,-1,-1,-1,-1,-1,2,7,2,-1,0,-1,-1,-1,1
deepspeech2-204_1,47828,0,1468,6,-1,-1,-1,-1,-1,2,7,2,-1,0,-1,-1,-1,0
bert-205_1,47915,0,1472,2,-1,-1,-1,-1,-1,2,7,2,-1,0,-1,-1,-1,1
bert-206_1,48346,0,1475,1,-1,-1,-1,-1,-1,2,7,2,-1,0,-1,-1,-1,1
bert-207_1,48359,0,1477,8,-1,-1,-1,-1,-1,2,7,2,-1,0,-1,-1,-1,1
bert-208_1,48359,0,1478,8,-1,-1,-1,-1,-1,2,7,2,-1,0,-1,-1,-1,1
deepspeech2-209_1,48482,0,1478,1,-1,-1,-1,-1,-1,2,7,2,-1,0,-1,-1,-1,0
bert-210_1,48762,0,1481,8,-1,-1,-1,-1,-1,2,7,2,-1,0,-1,-1,-1,1
bert-211_1,49427,0,1524,6,-1,-1,-1,-1,-1,2,7,2,-1,0,-1,-1,-1,1
cifar10-212_1,49842,0,1527,6,-1,-1,-1,-1,-1,2,7,2,-1,0,-1,-1,-1,1
cifar10-213_1,50607,0,1531,6,-1,-1,-1,-1,-1,2,7,2,-1,0,-1,-1,-1,1
bert-214_1,50750,0,1536,1,-1,-1,-1,-1,-1,2,7,2,-1,0,-1,-1,-1,1
cifar10-215_1,50799,0,1546,6,-1,-1,-1,-1,-1,2,7,2,-1,0,-1,-1,-1,1
cifar10-216_1,51508,0,1567,8,-1,-1,-1,-1,-1,2,7,2,-1,0,-1,-1,-1,1
bert-217_1,51756,0,1592,1,-1,-1,-1,-1,-1,2,7,2,-1,0,-1,-1,-1,1
cifar10-218_1,52262,0,1599,8,-1,-1,-1,-1,-1,2,7,2,-1,0,-1,-1,-1,1
cifar10-219_1,53132,0,1605,1,-1,-1,-1,-1,-1,2,7,2,-1,0,-1,-1,-1,1
cifar10-220_1,53173,0,1615,8,-1,-1,-1,-1,-1,2,7,2,-1,0,-1,-1,-1,1
cifar10-221_1,53482,0,1617,2,-1,-1,-1,-1,-1,2,7,2,-1,0,-1,-1,-1,1
cifar10-222_1,53505,0,1619,2,-1,-1,-1,-1,-1,2,7,2,-1,0,-1,-1,-1,1
bert-223_1,53885,0,1622,2,-1,-1,-1,-1,-1,2,7,2,-1,0,-1,-1,-1,1
cifar10-224_1,54264,0,1632,1,-1,-1,-1,-1,-1,2,7,2,-1,0,-1,-1,-1,1
cifar10-225_1,54408,0,1637,1,-1,-1,-1,-1,-1,2,7,2,-1,0,-1,-1,-1,1
cifar10-226_1,54808,0,1639,8,-1,-1,-1,-1,-1,2,7,2,-1,0,-1,-1,-1,1
imagenet-227_1,55039,0,1639,2,-1,-1,-1,-1,-1,2,7,2,-1,0,-1,-1,-1,0
cifar10-228_1,55201,0,1644,1,-1,-1,-1,-1,-1,2,7,2,-1,0,-1,-1,-1,1
cifar10-229_1,55941,0,1651,1,-1,-1,-1,-1,-1,2,7,2,-1,0,-1,-1,-1,1
cifar10-230_1,57536,0,1656,1,-1,-1,-1,-1,-1,2,7,2,-1,0,-1,-1,-1,1
cifar10-231_1,57571,0,1665,1,-1,-1,-1,-1,-1,2,7,2,-1,0,-1,-1,-1,1
cifar10-232_1,57957,0,1667,4,-1,-1,-1,-1,-1,2,7,2,-1,0,-1,-1,-1,1
cifar10-233_1,58131,0,1673,10,-1,-1,-1,-1,-1,2,7,2,-1,0,-1,-1,-1,1
deepspeech2-234_1,58218,0,1676,8,-1,-1,-1,-1,-1,2,7,2,-1,0,-1,-1,-1,0
cifar10-235_1,58708,0,1678,6,-1,-1,-1,-1,-1,2,7,2,-1,0,-1,-1,-1,1
cifar10-236_1,59081,0,1682,6,-1,-1,-1,-1,-1,2,7,2,-1,0,-1,-1,-1,1
deepspeech2-237_1,59265,0,1690,6,-1,-1,-1,-1,-1,2,7,2,-1,0,-1,-1,-1,0
deepspeech2-238_1,59305,0,1691,8,-1,-1,-1,-1,-1,2,7,2,-1,0,-1,-1,-1,0
bert-239_1,59422,0,1705,1,-1,-1,-1,-1,-1,2,7,2,-1,0,-1,-1,-1,1
deepspeech2-240_1,59895,0,1707,1,-1,-1,-1,-1,-1,2,7,2,-1,0,-1,-1,-1,0
cifar10-241_1,60190,0,1717,1,-1,-1,-1,-1,-1,2,7,2,-1,0,-1,-1,-1,1
deepspeech2-242_1,61490,0,1719,2,-1,-1,-1,-1,-1,2,7,2,-1,0,-1,-1,-1,0
deepspeech2-243_1,61495,0,1721,1,-1,-1,-1,-1,-1,2,7,2,-1,0,-1,-1,-1,0
deepspeech2-244_1,61596,0,1722,8,-1,-1,-1,-1,-1,2,7,2,-1,0,-1,-1,-1,0
deepspeech2-245_1,61737,0,1726,2,-1,-1,-1,-1,-1,2,7,2,-1,0,-1,-1,-1,0
deepspeech2-246_1,62095,0,1737,8,-1,-1,-1,-1,-1,2,7,2,-1,0,-1,-1,-1,0
cifar10-247_1,62246,0,1738,1,-1,-1,-1,-1,-1,2,43,1,-1,0,-1,-1,-1,1
cifar10-248_1,62689,0,1740,10,-1,-1,-1,-1,-1,2,7,2,-1,0,-1,-1,-1,1
cifar10-249_1,62741,0,1743,1,-1,-1,-1,-1,-1,2,7,2,-1,0,-1,-1,-1,1
cifar10-250_1,62833,0,1756,10,-1,-1,-1,-1,-1,2,43,1,-1,0,-1,-1,-1,1
cifar10-251_1,62849,0,1778,2,-1,-1,-1,-1,-1,2,7,2,-1,0,-1,-1,-1,1
cifar10-252_1,63031,0,1795,2,-1,-1,-1,-1,-1,2,7,2,-1,0,-1,-1,-1,1
cifar10-253_1,63243,0,1799,1,-1,-1,-1,-1,-1,2,43,1,-1,0,-1,-1,-1,1
cifar10-254_1,63753,0,1803,2,-1,-1,-1,-1,-1,2,7,2,-1,0,-1,-1,-1,1
cifar10-255_1,64113,0,1804,1,-1,-1,-1,-1,-1,2,7,2,-1,0,-1,-1,-1,1
cifar10-256_1,64212,216,1810,8,-1,-1,-1,-1,-1,2,7,2,-1,0,-1,-1,-1,1
cifar10-257_1,64409,0,1812,1,-1,-1,-1,-1,-1,2,7,2,-1,0,-1,-1,-1,1
deepspeech2-258_1,64617,0,1813,8,-1,-1,-1,-1,-1,2,7,2,-1,0,-1,-1,-1,0
deepspeech2-259_1,64863,0,1823,1,-1,-1,-1,-1,-1,2,7,2,-1,0,-1,-1,-1,0
cifar10-260_1,65262,0,1824,1,-1,-1,-1,-1,-1,2,7,2,-1,0,-1,-1,-1,1
cifar10-261_1,65267,0,1825,8,-1,-1,-1,-1,-1,2,7,2,-1,0,-1,-1,-1,1
cifar10-262_1,65432,0,1829,1,-1,-1,-1,-1,-1,2,7,2,-1,0,-1,-1,-1,1
cifar10-263_1,66003,0,1839,1,-1,-1,-1,-1,-1,2,7,2,-1,0,-1,-1,-1,1
cifar10-264_1,66845,0,1851,4,-1,-1,-1,-1,-1,2,7,2,-1,0,-1,-1,-1,1
cifar10-265_1,66849,0,1865,1,-1,-1,-1,-1,-1,2,7,2,-1,0,-1,-1,-1,1
imagenet-266_1,66859,0,1865,1,-1,-1,-1,-1,-1,2,7,2,-1,0,-1,-1,-1,0
deepspeech2-267_1,66937,0,1879,6,-1,-1,-1,-1,-1,2,7,2,-1,0,-1,-1,-1,0
yolov3-268_1,67076,0,1879,4,-1,-1,-1,-1,-1,2,7,2,-1,0,-1,-1,-1,0
cifar10-269_1,67243,0,1892,2,-1,-1,-1,-1,-1,2,7,2,-1,0,-1,-1,-1,1
cifar10-270_1,68741,0,1893,16,-1,-1,-1,-1,-1,2,7,2,-1,0,-1,-1,-1,1
cifar10-271_1,69483,0,1894,6,-1,-1,-1,-1,-1,2,7,2,-1,0,-1,-1,-1,1
cifar10-272_1,69642,0,1894,1,-1,-1,-1,-1,-1,2,7,2,-1,0,-1,-1,-1,1
bert-273_1,69788,0,1904,1,-1,-1,-1,-1,-1,2,7,2,-1,0,-1,-1,-1,1
bert-274_1,70178,0,1926,8,-1,-1,-1,-1,-1,2,7,2,-1,0,-1,-1,-1,1
cifar10-275_1,70200,434,1927,2,-1,-1,-1,-1,-1,2,7,2,-1,0,-1,-1,-1,1
deepspeech2-276_1,70334,0,1929,1,-1,-1,-1,-1,-1,2,7,2,-1,0,-1,-1,-1,0
cifar10-277_1,70583,0,1931,4,-1,-1,-1,-1,-1,2,7,2,-1,0,-1,-1,-1,1
cifar10-278_1,70868,509,1932,16,-1,-1,-1,-1,-1,2,7,2,-1,0,-1,-1,-1,1
cifar10-279_1,71036,500,1939,1,-1,-1,-1,-1,-1,2,7,2,-1,0,-1,-1,-1,1
bert-280_1,71767,336,1945,8,-1,-1,-1,-1,-1,2,7,2,-1,0,-1,-1,-1,1
cifar10-281_1,71898,0,1958,1,-1,-1,-1,-1,-1,2,7,2,-1,0,-1,-1,-1,1
bert-282_1,72211,302,1969,1,-1,-1,-1,-1,-1,2,43,1,-1,0,-1,-1,-1,1
bert-283_1,72226,1083,2011,16,-1,-1,-1,-1,-1,2,7,2,-1,0,-1,-1,-1,1
cifar10-284_1,72559,915,2011,6,-1,-1,-1,-1,-1,2,7,2,-1,0,-1,-1,-1,1
yolov3-285_1,72571,0,2026,4,-1,-1,-1,-1,-1,2,7,2,-1,0,-1,-1,-1,0
cifar10-286_1,72777,1271,2027,6,-1,-1,-1,-1,-1,2,7,2,-1,0,-1,-1,-1,1
cifar10-287_1,72819,2500,2028,10,-1,-1,-1,-1,-1,2,7,2,-1,0,-1,-1,-1,1
cifar10-288_1,72826,0,2032,8,-1,-1,-1,-1,-1,2,7,2,-1,0,-1,-1,-1,1
cifar10-289_1,73057,2428,2034,16,-1,-1,-1,-1,-1,2,7,2,-1,0,-1,-1,-1,1
cifar10-290_1,73104,4242,2043,10,-1,-1,-1,-1,-1,2,7,2,-1,0,-1,-1,-1,1
cifar10-291_1,73555,0,2049,1,-1,-1,-1,-1,-1,2,7,2,-1,0,-1,-1,-1,1
deepspeech2-292_1,73831,0,2050,1,-1,-1,-1,-1,-1,2,7,2,-1,0,-1,-1,-1,0
bert-293_1,73897,0,2064,1,-1,-1,-1,-1,-1,2,43,1,-1,0,-1,-1,-1,1
cifar10-294_1,74057,0,2069,4,-1,-1,-1,-1,-1,2,7,2,-1,0,-1,-1,-1,1
cifar10-295_1,74272,3246,2069,10,-1,-1,-1,-1,-1,2,7,2,-1,0,-1,-1,-1,1
cifar10-296_1,74814,4575,2087,16,-1,-1,-1,-1,-1,2,7,2,-1,0,-1,-1,-1,1
cifar10-297_1,75104,0,2095,1,-1,-1,-1,-1,-1,2,7,2,-1,0,-1,-1,-1,1
cifar10-298_1,75487,0,2100,4,-1,-1,-1,-1,-1,2,7,2,-1,0,-1,-1,-1,1
cifar10-299_1,75724,0,2100,1,-1,-1,-1,-1,-1,2,7,2,-1,0,-1,-1,-1,1
cifar10-300_1,75984,3602,2103,16,-1,-1,-1,-1,-1,2,7,2,-1,0,-1,-1,-1,1
deepspeech2-301_1,76001,0,2117,1,-1,-1,-1,-1,-1,2,7,2,-1,0,-1,-1,-1,0
deepspeech2-302_1,76100,0,2132,6,-1,-1,-1,-1,-1,2,7,2,-1,0,-1,-1,-1,0
cifar10-303_1,76322,5153,2133,2,-1,-1,-1,-1,-1,2,7,2,-1,0,-1,-1,-1,1
yolov3-304_1,76326,0,2138,4,-1,-1,-1,-1,-1,2,7,2,-1,0,-1,-1,-1,0
deepspeech2-305_1,77988,0,2150,6,-1,-1,-1,-1,-1,2,7,2,-1,0,-1,-1,-1,0
cifar10-306_1,78118,0,2165,1,-1,-1,-1,-1,-1,2,43,1,-1,0,-1,-1,-1,1
cifar10-307_1,78860,0,2168,1,-1,-1,-1,-1,-1,2,7,2,-1,0,-1,-1,-1,1
cifar10-308_1,78956,0,2174,6,-1,-1,-1,-1,-1,2,43,1,-1,0,-1,-1,-1,1
cifar10-309_1,80230,0,2251,1,-1,-1,-1,-1,-1,2,7,2,-1,0,-1,-1,-1,1
cifar10-310_1,80607,0,2256,2,-1,-1,-1,-1,-1,2,43,1,-1,0,-1,-1,-1,1
yolov3-311_1,80796,0,2261,4,-1,-1,-1,-1,-1,2,7,2,-1,0,-1,-1,-1,0
cifar10-312_1,80799,0,2306,1,-1,-1,-1,-1,-1,2,7,2,-1,0,-1,-1,-1,1
cifar10-313_1,81482,0,2376,1,-1,-1,-1,-1,-1,2,43,1,-1,0,-1,-1,-1,1
cifar10-314_1,82147,0,2380,6,-1,-1,-1,-1,-1,2,7,2,-1,0,-1,-1,-1,1
cifar10-315_1,82427,0,2382,10,-1,-1,-1,-1,-1,2,7,2,-1,0,-1,-1,-1,1
cifar10-316_1,82679,0,2387,1,-1,-1,-1,-1,-1,2,43,1,-1,0,-1,-1,-1,1
cifar10-317_1,82767,0,2397,1,-1,-1,-1,-1,-1,2,7,2,-1,0,-1,-1,-1,1
cifar10-318_1,82957,0,2399,6,-1,-1,-1,-1,-1,2,73,1,-1,0,-1,-1,-1,1
bert-319_1,83147,460,2407,6,-1,-1,-1,-1,-1,2,7,2,-1,0,-1,-1,-1,1
deepspeech2-320_1,83483,0,2408,1,-1,-1,-1,-1,-1,2,43,1,-1,0,-1,-1,-1,0
cifar10-321_1,83555,972,2412,6,-1,-1,-1,-1,-1,2,7,2,-1,0,-1,-1,-1,1
bert-322_1,83711,0,2448,2,-1,-1,-1,-1,-1,2,7,2,-1,0,-1,-1,-1,1
deepspeech2-323_1,83775,0,2463,6,-1,-1,-1,-1,-1,2,43,1,-1,0,-1,-1,-1,0
bert-324_1,83898,910,2468,6,-1,-1,-1,-1,-1,2,43,1,-1,0,-1,-1,-1,1
bert-325_1,84288,0,2472,2,-1,-1,-1,-1,-1,2,43,1,-1,0,-1,-1,-1,1
cifar10-326_1,84326,0,2492,1,-1,-1,-1,-1,-1,2,19,2,-1,0,-1,-1,-1,1
cifar10-327_1,84344,1012,2493,6,-1,-1,-1,-1,-1,2,43,1,-1,0,-1,-1,-1,1
cifar10-328_1,84888,1125,2493,6,-1,-1,-1,-1,-1,2,44,1,-1,0,-1,-1,-1,1
cifar10-329_1,85190,1570,2493,6,-1,-1,-1,-1,-1,2,7,2,-1,0,-1,-1,-1,1
yolov3-330_1,85213,0,2529,4,-1,-1,-1,-1,-1,2,7,2,-1,0,-1,-1,-1,0
cifar10-331_1,85769,1169,2541,6,-1,-1,-1,-1,-1,2,44,1,-1,0,-1,-1,-1,1
deepspeech2-332_1,86443,0,2608,6,-1,-1,-1,-1,-1,2,44,1,-1,0,-1,-1,-1,0
cifar10-333_1,86808,468,2633,8,-1,-1,-1,-1,-1,2,44,1,-1,0,-1,-1,-1,1
deepspeech2-334_1,86884,0,2646,1,-1,-1,-1,-1,-1,2,7,2,-1,0,-1,-1,-1,0
cifar10-335_1,87248,600,2671,1,-1,-1,-1,-1,-1,2,44,1,-1,0,-1,-1,-1,1
cifar10-336_1,87510,0,2676,4,-1,-1,-1,-1,-1,2,7,2,-1,0,-1,-1,-1,1
cifar10-337_1,87609,896,2677,2,-1,-1,-1,-1,-1,2,44,1,-1,0,-1,-1,-1,1
cifar10-338_1,87877,0,2677,1,-1,-1,-1,-1,-1,2,7,2,-1,0,-1,-1,-1,1
bert-339_1,88337,916,2702,8,-1,-1,-1,-1,-1,2,44,1,-1,0,-1,-1,-1,1
deepspeech2-340_1,88405,0,2703,8,-1,-1,-1,-1,-1,2,7,2,-1,0,-1,-1,-1,0
bert-341_1,88600,880,2703,8,-1,-1,-1,-1,-1,2,7,2,-1,0,-1,-1,-1,1
cifar10-342_1,88668,1240,2705,1,-1,-1,-1,-1,-1,2,7,2,-1,0,-1,-1,-1,1
cifar10-343_1,89597,589,2739,8,-1,-1,-1,-1,-1,2,7,2,-1,0,-1,-1,-1,1
cifar10-344_1,89605,0,2740,1,-1,-1,-1,-1,-1,2,7,2,-1,0,-1,-1,-1,1
yolov3-345_1,89773,0,2740,4,-1,-1,-1,-1,-1,2,7,2,-1,0,-1,-1,-1,0
cifar10-346_1,89931,0,2746,2,-1,-1,-1,-1,-1,2,7,2,-1,0,-1,-1,-1,1
cifar10-347_1,90268,251,2751,1,-1,-1,-1,-1,-1,2,7,2,-1,0,-1,-1,-1,1
cifar10-348_1,90427,754,2752,2,-1,-1,-1,-1,-1,2,7,2,-1,0,-1,-1,-1,1
cifar10-349_1,90516,1666,2752,10,-1,-1,-1,-1,-1,2,7,2,-1,0,-1,-1,-1,1
cifar10-350_1,90873,0,2752,1,-1,-1,-1,-1,-1,2,7,2,-1,0,-1,-1,-1,1
cifar10-351_1,90958,0,2753,1,-1,-1,-1,-1,-1,2,7,2,-1,0,-1,-1,-1,1
cifar10-352_1,91589,0,2753,2,-1,-1,-1,-1,-1,2,7,2,-1,0,-1,-1,-1,1
cifar10-353_1,92269,0,2756,1,-1,-1,-1,-1,-1,2,7,2,-1,0,-1,-1,-1,1
cifar10-354_1,92301,0,2756,1,-1,-1,-1,-1,-1,2,7,2,-1,0,-1,-1,-1,1
cifar10-355_1,92471,0,2758,1,-1,-1,-1,-1,-1,2,7,2,-1,0,-1,-1,-1,1
cifar10-356_1,92836,0,2759,2,-1,-1,-1,-1,-1,2,7,2,-1,0,-1,-1,-1,1
cifar10-357_1,92915,0,2760,1,-1,-1,-1,-1,-1,2,7,2,-1,0,-1,-1,-1,1
cifar10-358_1,93009,0,2760,1,-1,-1,-1,-1,-1,2,7,2,-1,0,-1,-1,-1,1
cifar10-359_1,93181,0,2761,8,-1,-1,-1,-1,-1,2,7,2,-1,0,-1,-1,-1,1
bert-360_1,93362,263,2761,2,-1,-1,-1,-1,-1,2,7,2,-1,0,-1,-1,-1,1
cifar10-361_1,93933,1000,2762,8,-1,-1,-1,-1,-1,2,73,1,-1,0,-1,-1,-1,1
cifar10-362_1,94111,0,2764,1,-1,-1,-1,-1,-1,2,7,2,-1,0,-1,-1,-1,1
yolov3-363_1,94253,0,2789,4,-1,-1,-1,-1,-1,2,7,2,-1,0,-1,-1,-1,0
deepspeech2-364_1,94419,0,2904,2,-1,-1,-1,-1,-1,2,7,2,-1,0,-1,-1,-1,0
yolov3-365_1,94961,0,2922,4,-1,-1,-1,-1,-1,2,7,2,-1,0,-1,-1,-1,0
deepspeech2-366_1,95312,0,2925,1,-1,-1,-1,-1,-1,2,7,2,-1,0,-1,-1,-1,0
cifar10-367_1,95330,0,2928,1,-1,-1,-1,-1,-1,2,7,2,-1,0,-1,-1,-1,1
bert-368_1,95623,0,2928,1,-1,-1,-1,-1,-1,2,7,2,-1,0,-1,-1,-1,1
deepspeech2-369_1,95946,0,2969,2,-1,-1,-1,-1,-1,2,7,2,-1,0,-1,-1,-1,0
cifar10-370_1,96027,0,3026,4,-1,-1,-1,-1,-1,2,7,2,-1,0,-1,-1,-1,1
deepspeech2-371_1,96071,0,3029,8,-1,-1,-1,-1,-1,2,7,2,-1,0,-1,-1,-1,0
deepspeech2-372_1,96428,0,3032,8,-1,-1,-1,-1,-1,2,7,2,-1,0,-1,-1,-1,0
cifar10-373_1,96762,0,3053,2,-1,-1,-1,-1,-1,2,7,2,-1,0,-1,-1,-1,1
cifar10-374_1,97011,0,3053,1,-1,-1,-1,-1,-1,2,7,2,-1,0,-1,-1,-1,1
cifar10-375_1,97081,0,3060,2,-1,-1,-1,-1,-1,2,7,2,-1,0,-1,-1,-1,1
cifar10-376_1,97100,0,3080,1,-1,-1,-1,-1,-1,2,7,2,-1,0,-1,-1,-1,1
cifar10-377_1,97167,0,3157,1,-1,-1,-1,-1,-1,2,7,2,-1,0,-1,-1,-1,1
deepspeech2-378_1,97352,0,3158,8,-1,-1,-1,-1,-1,2,7,2,-1,0,-1,-1,-1,0
deepspeech2-379_1,97527,1388,3165,8,-1,-1,-1,-1,-1,2,7,2,-1,0,-1,-1,-1,0
bert-380_1,97580,0,3217,1,-1,-1,-1,-1,-1,2,7,2,-1,0,-1,-1,-1,1
bert-381_1,97704,0,3261,2,-1,-1,-1,-1,-1,2,7,2,-1,0,-1,-1,-1,1
bert-382_1,97793,0,3276,2,-1,-1,-1,-1,-1,2,7,2,-1,0,-1,-1,-1,1
bert-383_1,98417,0,3277,2,-1,-1,-1,-1,-1,2,19,2,-1,0,-1,-1,-1,1
cifar10-384_1,98727,0,3281,2,-1,-1,-1,-1,-1,2,7,2,-1,0,-1,-1,-1,1
bert-385_1,99310,0,3285,2,-1,-1,-1,-1,-1,2,7,2,-1,0,-1,-1,-1,1
deepspeech2-386_1,99505,0,3286,6,-1,-1,-1,-1,-1,2,7,2,-1,0,-1,-1,-1,0
deepspeech2-387_1,99818,0,3287,6,-1,-1,-1,-1,-1,2,7,2,-1,0,-1,-1,-1,0
deepspeech2-388_1,100078,0,3288,1,-1,-1,-1,-1,-1,2,7,2,-1,0,-1,-1,-1,0
bert-389_1,100242,0,3292,1,-1,-1,-1,-1,-1,2,7,2,-1,0,-1,-1,-1,1
bert-390_1,100614,0,3293,2,-1,-1,-1,-1,-1,2,7,2,-1,0,-1,-1,-1,1
cifar10-391_1,100746,0,3301,1,-1,-1,-1,-1,-1,2,7,2,-1,0,-1,-1,-1,1
bert-392_1,100882,0,3303,8,-1,-1,-1,-1,-1,2,7,2,-1,0,-1,-1,-1,1
deepspeech2-393_1,101670,0,3303,1,-1,-1,-1,-1,-1,2,7,2,-1,0,-1,-1,-1,0
deepspeech2-394_1,101722,0,3304,6,-1,-1,-1,-1,-1,2,7,2,-1,0,-1,-1,-1,0
bert-395_1,101891,0,3313,6,-1,-1,-1,-1,-1,2,7,2,-1,0,-1,-1,-1,1
bert-396_1,102784,0,3313,1,-1,-1,-1,-1,-1,2,7,2,-1,0,-1,-1,-1,1
bert-397_1,102950,0,3315,2,-1,-1,-1,-1,-1,2,7,2,-1,0,-1,-1,-1,1
deepspeech2-398_1,102977,0,3315,6,-1,-1,-1,-1,-1,2,7,2,-1,0,-1,-1,-1,0
bert-399_1,103125,0,3317,1,-1,-1,-1,-1,-1,2,7,2,-1,0,-1,-1,-1,1
cifar10-400_1,103206,0,3318,1,-1,-1,-1,-1,-1,2,7,2,-1,0,-1,-1,-1,1
bert-401_1,103293,0,3325,1,-1,-1,-1,-1,-1,2,7,2,-1,0,-1,-1,-1,1
bert-402_1,103422,0,3327,6,-1,-1,-1,-1,-1,2,7,2,-1,0,-1,-1,-1,1
deepspeech2-403_1,103878,0,3327,1,-1,-1,-1,-1,-1,2,7,2,-1,0,-1,-1,-1,0
cifar10-404_1,103901,0,3332,1,-1,-1,-1,-1,-1,2,7,2,-1,0,-1,-1,-1,1
cifar10-405_1,104583,0,3333,8,-1,-1,-1,-1,-1,2,7,2,-1,0,-1,-1,-1,1
cifar10-406_1,105944,0,3335,1,-1,-1,-1,-1,-1,2,7,2,-1,0,-1,-1,-1,1
cifar10-407_1,106001,0,3341,6,-1,-1,-1,-1,-1,2,44,1,-1,0,-1,-1,-1,1
cifar10-408_1,106120,0,3342,1,-1,-1,-1,-1,-1,2,44,1,-1,0,-1,-1,-1,1
cifar10-409_1,106372,0,3342,4,-1,-1,-1,-1,-1,2,44,1,-1,0,-1,-1,-1,1
cifar10-410_1,106375,0,3345,1,-1,-1,-1,-1,-1,2,44,1,-1,0,-1,-1,-1,1
cifar10-411_1,106750,0,3348,8,-1,-1,-1,-1,-1,2,44,1,-1,0,-1,-1,-1,1
deepspeech2-412_1,106951,0,3390,1,-1,-1,-1,-1,-1,2,44,1,-1,0,-1,-1,-1,0
cifar10-413_1,107471,0,3425,2,-1,-1,-1,-1,-1,2,7,2,-1,0,-1,-1,-1,1
bert-414_1,107522,395,3446,6,-1,-1,-1,-1,-1,2,44,1,-1,0,-1,-1,-1,1
deepspeech2-415_1,108193,0,3453,2,-1,-1,-1,-1,-1,2,22,2,-1,0,-1,-1,-1,0
cifar10-416_1,108409,1311,3470,16,-1,-1,-1,-1,-1,2,7,2,-1,0,-1,-1,-1,1
cifar10-417_1,108546,1552,3471,2,-1,-1,-1,-1,-1,2,7,2,-1,0,-1,-1,-1,1
yolov3-418_1,108586,0,3505,4,-1,-1,-1,-1,-1,2,7,2,-1,0,-1,-1,-1,0
bert-419_1,108761,2135,3509,8,-1,-1,-1,-1,-1,2,7,2,-1,0,-1,-1,-1,1
deepspeech2-420_1,109234,0,3519,1,-1,-1,-1,-1,-1,2,7,2,-1,0,-1,-1,-1,0
yolov3-421_1,109935,0,3532,4,-1,-1,-1,-1,-1,2,7,2,-1,0,-1,-1,-1,0
yolov3-422_1,109959,0,3603,4,-1,-1,-1,-1,-1,2,7,2,-1,0,-1,-1,-1,0
yolov3-423_1,110216,0,3665,4,-1,-1,-1,-1,-1,2,7,2,-1,0,-1,-1,-1,0
yolov3-424_1,110274,0,3667,4,-1,-1,-1,-1,-1,2,22,2,-1,0,-1,-1,-1,0
yolov3-425_1,110707,0,3668,4,-1,-1,-1,-1,-1,2,7,2,-1,0,-1,-1,-1,0
yolov3-426_1,110819,0,3669,4,-1,-1,-1,-1,-1,2,7,2,-1,0,-1,-1,-1,0
cifar10-427_1,110986,376,3669,1,-1,-1,-1,-1,-1,2,7,2,-1,0,-1,-1,-1,1
yolov3-428_1,111196,895,3687,4,-1,-1,-1,-1,-1,2,7,2,-1,0,-1,-1,-1,0
yolov3-429_1,111887,866,3687,4,-1,-1,-1,-1,-1,2,7,2,-1,0,-1,-1,-1,0
yolov3-430_1,111961,1507,3688,4,-1,-1,-1,-1,-1,2,7,2,-1,0,-1,-1,-1,0
yolov3-431_1,112455,1107,3689,4,-1,-1,-1,-1,-1,2,7,2,-1,0,-1,-1,-1,0
deepspeech2-432_1,113044,896,3713,6,-1,-1,-1,-1,-1,2,22,2,-1,0,-1,-1,-1,0
cifar10-433_1,113394,0,3740,1,-1,-1,-1,-1,-1,2,43,1,-1,0,-1,-1,-1,1
cifar10-434_1,113782,0,3760,2,-1,-1,-1,-1,-1,2,7,2,-1,0,-1,-1,-1,1
cifar10-435_1,113824,0,3838,2,-1,-1,-1,-1,-1,2,44,1,-1,0,-1,-1,-1,1
deepspeech2-436_1,114088,0,3850,1,-1,-1,-1,-1,-1,2,44,1,-1,0,-1,-1,-1,0
deepspeech2-437_1,114246,242,3861,6,-1,-1,-1,-1,-1,2,44,1,-1,0,-1,-1,-1,0
bert-438_1,114445,0,3871,1,-1,-1,-1,-1,-1,2,44,1,-1,0,-1,-1,-1,1
bert-439_1,115970,0,3877,8,-1,-1,-1,-1,-1,2,7,2,-1,0,-1,-1,-1,1
bert-440_1,116238,0,3877,2,-1,-1,-1,-1,-1,2,43,1,-1,0,-1,-1,-1,1
deepspeech2-441_1,116782,0,3878,1,-1,-1,-1,-1,-1,2,44,1,-1,0,-1,-1,-1,0
bert-442_1,116858,0,3881,8,-1,-1,-1,-1,-1,2,43,1,-1,0,-1,-1,-1,1
deepspeech2-443_1,117215,0,3907,3,-1,-1,-1,-1,-1,2,44,1,-1,0,-1,-1,-1,0
deepspeech2-444_1,117273,0,3907,1,-1,-1,-1,-1,-1,2,44,1,-1,0,-1,-1,-1,0
deepspeech2-445_1,117493,0,3937,8,-1,-1,-1,-1,-1,2,43,1,-1,0,-1,-1,-1,0
bert-446_1,117818,0,3945,8,-1,-1,-1,-1,-1,2,43,1,-1,0,-1,-1,-1,1
deepspeech2-447_1,118107,0,3947,2,-1,-1,-1,-1,-1,2,44,1,-1,0,-1,-1,-1,0
cifar10-448_1,118214,0,3956,1,-1,-1,-1,-1,-1,2,7,2,-1,0,-1,-1,-1,1
deepspeech2-449_1,118780,0,3962,2,-1,-1,-1,-1,-1,2,44,1,-1,0,-1,-1,-1,0
deepspeech2-450_1,119008,0,3970,2,-1,-1,-1,-1,-1,2,7,2,-1,0,-1,-1,-1,0
bert-451_1,119434,0,3971,2,-1,-1,-1,-1,-1,2,7,2,-1,0,-1,-1,-1,1
bert-452_1,119752,0,3974,2,-1,-1,-1,-1,-1,2,7,2,-1,0,-1,-1,-1,1
deepspeech2-453_1,119889,0,3978,8,-1,-1,-1,-1,-1,2,7,2,-1,0,-1,-1,-1,0
bert-454_1,119927,0,4002,2,-1,-1,-1,-1,-1,2,7,2,-1,0,-1,-1,-1,1
deepspeech2-455_1,120191,931,4009,8,-1,-1,-1,-1,-1,2,7,2,-1,0,-1,-1,-1,0
bert-456_1,120684,0,4010,2,-1,-1,-1,-1,-1,2,7,2,-1,0,-1,-1,-1,1
cifar10-457_1,121477,0,4012,1,-1,-1,-1,-1,-1,2,7,2,-1,0,-1,-1,-1,1
bert-458_1,121486,0,4015,2,-1,-1,-1,-1,-1,2,7,2,-1,0,-1,-1,-1,1
cifar10-459_1,122233,0,4028,1,-1,-1,-1,-1,-1,2,7,2,-1,0,-1,-1,-1,1
cifar10-460_1,122360,0,4030,2,-1,-1,-1,-1,-1,2,7,2,-1,0,-1,-1,-1,1
cifar10-461_1,122399,0,4039,2,-1,-1,-1,-1,-1,2,43,1,-1,0,-1,-1,-1,1
cifar10-462_1,122724,0,4043,8,-1,-1,-1,-1,-1,2,7,2,-1,0,-1,-1,-1,1
cifar10-463_1,122851,0,4045,1,-1,-1,-1,-1,-1,2,7,2,-1,0,-1,-1,-1,1
cifar10-464_1,122906,499,4049,8,-1,-1,-1,-1,-1,2,7,2,-1,0,-1,-1,-1,1
cifar10-465_1,124712,0,4053,2,-1,-1,-1,-1,-1,2,43,1,-1,0,-1,-1,-1,1
cifar10-466_1,125589,0,4064,1,-1,-1,-1,-1,-1,2,7,2,-1,0,-1,-1,-1,1
cifar10-467_1,126343,0,4075,1,-1,-1,-1,-1,-1,2,7,2,-1,0,-1,-1,-1,1
deepspeech2-468_1,126867,0,4096,8,-1,-1,-1,-1,-1,2,7,2,-1,0,-1,-1,-1,0
deepspeech2-469_1,127427,0,4118,2,-1,-1,-1,-1,-1,2,7,2,-1,0,-1,-1,-1,0
cifar10-470_1,127557,0,4132,2,-1,-1,-1,-1,-1,2,7,2,-1,0,-1,-1,-1,1
cifar10-471_1,127661,0,4155,8,-1,-1,-1,-1,-1,2,7,2,-1,0,-1,-1,-1,1
cifar10-472_1,127687,0,4157,1,-1,-1,-1,-1,-1,2,7,2,-1,0,-1,-1,-1,1
cifar10-473_1,127689,0,4169,2,-1,-1,-1,-1,-1,2,7,2,-1,0,-1,-1,-1,1
cifar10-474_1,127992,0,4174,1,-1,-1,-1,-1,-1,2,7,2,-1,0,-1,-1,-1,1
cifar10-475_1,128154,0,4176,2,-1,-1,-1,-1,-1,2,7,2,-1,0,-1,-1,-1,1
cifar10-476_1,128350,0,4187,1,-1,-1,-1,-1,-1,2,7,2,-1,0,-1,-1,-1,1
cifar10-477_1,128887,0,4196,2,-1,-1,-1,-1,-1,2,7,2,-1,0,-1,-1,-1,1
cifar10-478_1,129177,0,4224,1,-1,-1,-1,-1,-1,2,7,2,-1,0,-1,-1,-1,1
cifar10-479_1,129197,0,4247,1,-1,-1,-1,-1,-1,2,7,2,-1,0,-1,-1,-1,1
bert-480_1,129994,0,4275,2,-1,-1,-1,-1,-1,2,7,2,-1,0,-1,-1,-1,1
bert-481_1,130169,0,4276,1,-1,-1,-1,-1,-1,2,7,2,-1,0,-1,-1,-1,1
bert-482_1,130284,0,4284,2,-1,-1,-1,-1,-1,2,7,2,-1,0,-1,-1,-1,1
deepspeech2-483_1,130295,0,4287,2,-1,-1,-1,-1,-1,2,7,2,-1,0,-1,-1,-1,0
cifar10-484_1,130306,0,4292,1,-1,-1,-1,-1,-1,2,7,2,-1,0,-1,-1,-1,1
deepspeech2-485_1,130413,0,4298,1,-1,-1,-1,-1,-1,2,7,2,-1,0,-1,-1,-1,0
bert-486_1,130486,0,4302,1,-1,-1,-1,-1,-1,2,7,2,-1,0,-1,-1,-1,1
bert-487_1,130962,896,4303,16,-1,-1,-1,-1,-1,2,7,2,-1,0,-1,-1,-1,1
cifar10-488_1,131127,1203,4306,4,-1,-1,-1,-1,-1,2,7,2,-1,0,-1,-1,-1,1
deepspeech2-489_1,131573,0,4307,1,-1,-1,-1,-1,-1,2,7,2,-1,0,-1,-1,-1,0
deepspeech2-490_1,131822,0,4314,1,-1,-1,-1,-1,-1,2,7,2,-1,0,-1,-1,-1,0
deepspeech2-491_1,132386,0,4317,1,-1,-1,-1,-1,-1,2,7,2,-1,0,-1,-1,-1,0
deepspeech2-492_1,132540,0,4321,1,-1,-1,-1,-1,-1,2,7,2,-1,0,-1,-1,-1,0
deepspeech2-493_1,132627,0,4322,1,-1,-1,-1,-1,-1,2,7,2,-1,0,-1,-1,-1,0
deepspeech2-494_1,132735,0,4324,1,-1,-1,-1,-1,-1,2,7,2,-1,0,-1,-1,-1,0
bert-495_1,133227,0,4326,1,-1,-1,-1,-1,-1,2,19,2,-1,0,-1,-1,-1,1
bert-496_1,133290,0,4328,2,-1,-1,-1,-1,-1,2,7,2,-1,0,-1,-1,-1,1
bert-497_1,133826,0,4329,2,-1,-1,-1,-1,-1,2,7,2,-1,0,-1,-1,-1,1
bert-498_1,134352,0,4330,2,-1,-1,-1,-1,-1,2,7,2,-1,0,-1,-1,-1,1
deepspeech2-499_1,134471,0,4330,8,-1,-1,-1,-1,-1,2,7,2,-1,0,-1,-1,-1,0
bert-500_1,134483,0,4331,1,-1,-1,-1,-1,-1,2,7,2,-1,0,-1,-1,-1,1
cifar10-501_1,134504,65,4332,1,-1,-1,-1,-1,-1,2,7,2,-1,0,-1,-1,-1,1
bert-502_1,134802,1359,4334,6,-1,-1,-1,-1,-1,2,7,2,-1,0,-1,-1,-1,1
deepspeech2-503_1,134827,0,4336,6,-1,-1,-1,-1,-1,2,7,2,-1,0,-1,-1,-1,0
deepspeech2-504_1,134864,0,4340,1,-1,-1,-1,-1,-1,2,7,2,-1,0,-1,-1,-1,0
deepspeech2-505_1,135366,0,4343,1,-1,-1,-1,-1,-1,2,7,2,-1,0,-1,-1,-1,0
bert-506_1,135493,0,4344,6,-1,-1,-1,-1,-1,2,7,2,-1,0,-1,-1,-1,1
deepspeech2-507_1,135579,0,4344,6,-1,-1,-1,-1,-1,2,7,2,-1,0,-1,-1,-1,0
bert-508_1,135587,0,4344,1,-1,-1,-1,-1,-1,2,19,2,-1,0,-1,-1,-1,1
cifar10-509_1,135922,0,4346,1,-1,-1,-1,-1,-1,2,7,2,-1,0,-1,-1,-1,1
bert-510_1,135954,682,4346,8,-1,-1,-1,-1,-1,2,7,2,-1,0,-1,-1,-1,1
deepspeech2-511_1,136017,0,4347,1,-1,-1,-1,-1,-1,2,19,2,-1,0,-1,-1,-1,0
bert-512_1,136259,1293,4348,2,-1,-1,-1,-1,-1,2,7,2,-1,0,-1,-1,-1,1
deepspeech2-513_1,136781,0,4348,1,-1,-1,-1,-1,-1,2,7,2,-1,0,-1,-1,-1,0
deepspeech2-514_1,137286,0,4355,1,-1,-1,-1,-1,-1,2,7,2,-1,0,-1,-1,-1,0
cifar10-515_1,137728,0,4356,1,-1,-1,-1,-1,-1,2,7,2,-1,0,-1,-1,-1,1
cifar10-516_1,137924,0,4360,1,-1,-1,-1,-1,-1,2,7,2,-1,0,-1,-1,-1,1
cifar10-517_1,138048,107,4360,1,-1,-1,-1,-1,-1,2,7,2,-1,0,-1,-1,-1,1
cifar10-518_1,138055,0,4363,1,-1,-1,-1,-1,-1,2,7,2,-1,0,-1,-1,-1,1
bert-519_1,138274,408,4368,1,-1,-1,-1,-1,-1,2,7,2,-1,0,-1,-1,-1,1
cifar10-520_1,138873,0,4369,2,-1,-1,-1,-1,-1,2,43,1,-1,0,-1,-1,-1,1
cifar10-521_1,138957,0,4387,1,-1,-1,-1,-1,-1,2,7,2,-1,0,-1,-1,-1,1
cifar10-522_1,139219,618,4387,1,-1,-1,-1,-1,-1,2,7,2,-1,0,-1,-1,-1,1
cifar10-523_1,139293,638,4393,6,-1,-1,-1,-1,-1,2,73,1,-1,0,-1,-1,-1,1
bert-524_1,139798,696,4398,6,-1,-1,-1,-1,-1,2,44,1,-1,0,-1,-1,-1,1
cifar10-525_1,140133,849,4399,2,-1,-1,-1,-1,-1,2,44,1,-1,0,-1,-1,-1,1
cifar10-526_1,140392,0,4400,1,-1,-1,-1,-1,-1,2,44,1,-1,0,-1,-1,-1,1
cifar10-527_1,140654,0,4409,1,-1,-1,-1,-1,-1,2,44,1,-1,0,-1,-1,-1,1
cifar10-528_1,140667,0,4419,1,-1,-1,-1,-1,-1,2,44,1,-1,0,-1,-1,-1,1
bert-529_1,140675,1609,4422,8,-1,-1,-1,-1,-1,2,44,1,-1,0,-1,-1,-1,1
cifar10-530_1,140889,1625,4424,2,-1,-1,-1,-1,-1,2,44,1,-1,0,-1,-1,-1,1
cifar10-531_1,141424,1920,4425,4,-1,-1,-1,-1,-1,2,44,1,-1,0,-1,-1,-1,1
cifar10-532_1,141708,2516,4440,1,-1,-1,-1,-1,-1,2,44,1,-1,0,-1,-1,-1,1
cifar10-533_1,142232,2092,4449,2,-1,-1,-1,-1,-1,2,44,1,-1,0,-1,-1,-1,1
bert-534_1,142360,0,4468,1,-1,-1,-1,-1,-1,2,44,1,-1,0,-1,-1,-1,1
cifar10-535_1,142438,2453,4480,6,-1,-1,-1,-1,-1,2,44,1,-1,0,-1,-1,-1,1
cifar10-536_1,143055,3650,4488,16,-1,-1,-1,-1,-1,2,44,1,-1,0,-1,-1,-1,1
cifar10-537_1,143091,4677,4513,6,-1,-1,-1,-1,-1,2,44,1,-1,0,-1,-1,-1,1
deepspeech2-538_1,143560,0,4528,1,-1,-1,-1,-1,-1,2,44,1,-1,0,-1,-1,-1,0
deepspeech2-539_1,143643,0,4535,1,-1,-1,-1,-1,-1,2,44,1,-1,0,-1,-1,-1,0
bert-540_1,143689,0,4537,1,-1,-1,-1,-1,-1,2,43,1,-1,0,-1,-1,-1,1
bert-541_1,143909,4754,4560,2,-1,-1,-1,-1,-1,2,7,2,-1,0,-1,-1,-1,1
deepspeech2-542_1,143968,0,4572,1,-1,-1,-1,-1,-1,2,7,2,-1,0,-1,-1,-1,0
bert-543_1,144313,5058,4582,6,-1,-1,-1,-1,-1,2,7,2,-1,0,-1,-1,-1,1
cifar10-544_1,144323,0,4609,1,-1,-1,-1,-1,-1,2,7,2,-1,0,-1,-1,-1,1
cifar10-545_1,144739,0,4625,1,-1,-1,-1,-1,-1,2,7,2,-1,0,-1,-1,-1,1
bert-546_1,145059,3873,4629,1,-1,-1,-1,-1,-1,2,7,2,-1,0,-1,-1,-1,1
deepspeech2-547_1,145396,0,4641,1,-1,-1,-1,-1,-1,2,7,2,-1,0,-1,-1,-1,0
cifar10-548_1,145484,3880,4644,1,-1,-1,-1,-1,-1,2,7,2,-1,0,-1,-1,-1,1
yolov3-549_1,146407,0,4652,4,-1,-1,-1,-1,-1,2,73,1,-1,0,-1,-1,-1,0
deepspeech2-550_1,146483,0,4655,1,-1,-1,-1,-1,-1,2,7,2,-1,0,-1,-1,-1,0
bert-551_1,147306,3887,4659,2,-1,-1,-1,-1,-1,2,7,2,-1,0,-1,-1,-1,1
deepspeech2-552_1,147716,0,4662,1,-1,-1,-1,-1,-1,2,73,1,-1,0,-1,-1,-1,0
cifar10-553_1,147760,0,4674,1,-1,-1,-1,-1,-1,2,7,2,-1,0,-1,-1,-1,1
deepspeech2-554_1,147946,0,4675,1,-1,-1,-1,-1,-1,2,7,2,-1,0,-1,-1,-1,0
deepspeech2-555_1,148163,0,4681,6,-1,-1,-1,-1,-1,2,7,2,-1,0,-1,-1,-1,0
bert-556_1,148636,0,4681,2,-1,-1,-1,-1,-1,2,7,2,-1,0,-1,-1,-1,1
deepspeech2-557_1,148904,0,4712,1,-1,-1,-1,-1,-1,2,7,2,-1,0,-1,-1,-1,0
cifar10-558_1,149163,0,4787,1,-1,-1,-1,-1,-1,2,7,2,-1,0,-1,-1,-1,1
cifar10-559_1,149374,0,4793,6,-1,-1,-1,-1,-1,2,7,2,-1,0,-1,-1,-1,1
bert-560_1,149434,2847,4863,8,-1,-1,-1,-1,-1,2,7,2,-1,0,-1,-1,-1,1
deepspeech2-561_1,149534,0,4942,8,-1,-1,-1,-1,-1,2,7,2,-1,0,-1,-1,-1,0
bert-562_1,149891,0,5025,1,-1,-1,-1,-1,-1,2,7,2,-1,0,-1,-1,-1,1
yolov3-563_1,150489,0,5030,4,-1,-1,-1,-1,-1,2,44,1,-1,0,-1,-1,-1,0
deepspeech2-564_1,150657,0,5042,1,-1,-1,-1,-1,-1,2,7,2,-1,0,-1,-1,-1,0
cifar10-565_1,151125,2097,5094,4,-1,-1,-1,-1,-1,2,7,2,-1,0,-1,-1,-1,1
bert-566_1,151210,2107,5182,2,-1,-1,-1,-1,-1,2,7,2,-1,0,-1,-1,-1,1
bert-567_1,151216,2737,5211,6,-1,-1,-1,-1,-1,2,7,2,-1,0,-1,-1,-1,1
bert-568_1,151284,2883,5223,6,-1,-1,-1,-1,-1,2,7,2,-1,0,-1,-1,-1,1
deepspeech2-569_1,151455,0,5237,6,-1,-1,-1,-1,-1,2,7,2,-1,0,-1,-1,-1,0
deepspeech2-570_1,151834,0,5239,1,-1,-1,-1,-1,-1,2,7,2,-1,0,-1,-1,-1,0
cifar10-571_1,151951,0,5250,1,-1,-1,-1,-1,-1,2,22,2,-1,0,-1,-1,-1,1
cifar10-572_1,152110,0,5259,2,-1,-1,-1,-1,-1,2,22,2,-1,0,-1,-1,-1,1
deepspeech2-573_1,152907,0,5261,8,-1,-1,-1,-1,-1,2,43,1,-1,0,-1,-1,-1,0
deepspeech2-574_1,153005,0,5268,1,-1,-1,-1,-1,-1,2,43,1,-1,0,-1,-1,-1,0
cifar10-575_1,153144,3998,5268,4,-1,-1,-1,-1,-1,2,43,1,-1,0,-1,-1,-1,1
cifar10-576_1,153160,0,5270,4,-1,-1,-1,-1,-1,2,43,1,-1,0,-1,-1,-1,1
deepspeech2-577_1,153259,0,5270,1,-1,-1,-1,-1,-1,2,43,1,-1,0,-1,-1,-1,0
bert-578_1,153554,0,5271,1,-1,-1,-1,-1,-1,2,43,1,-1,0,-1,-1,-1,1
cifar10-579_1,153860,3509,5275,4,-1,-1,-1,-1,-1,2,43,1,-1,0,-1,-1,-1,1
cifar10-580_1,153999,0,5290,1,-1,-1,-1,-1,-1,2,43,1,-1,0,-1,-1,-1,1
cifar10-581_1,154324,3991,5293,4,-1,-1,-1,-1,-1,2,43,1,-1,0,-1,-1,-1,1
cifar10-582_1,154390,4039,5293,1,-1,-1,-1,-1,-1,2,43,1,-1,0,-1,-1,-1,1
cifar10-583_1,154850,3975,5310,6,-1,-1,-1,-1,-1,2,43,1,-1,0,-1,-1,-1,1
cifar10-584_1,154976,4187,5310,1,-1,-1,-1,-1,-1,2,43,1,-1,0,-1,-1,-1,1
cifar10-585_1,155173,0,5311,4,-1,-1,-1,-1,-1,2,43,1,-1,0,-1,-1,-1,1
cifar10-586_1,155654,0,5313,1,-1,-1,-1,-1,-1,2,43,1,-1,0,-1,-1,-1,1
cifar10-587_1,155810,3580,5316,2,-1,-1,-1,-1,-1,2,43,1,-1,0,-1,-1,-1,1
cifar10-588_1,157017,0,5318,1,-1,-1,-1,-1,-1,2,43,1,-1,0,-1,-1,-1,1
cifar10-589_1,157121,3362,5321,8,-1,-1,-1,-1,-1,2,43,1,-1,0,-1,-1,-1,1
cifar10-590_1,157187,5223,5326,6,-1,-1,-1,-1,-1,2,43,1,-1,0,-1,-1,-1,1
cifar10-591_1,157261,5383,5329,2,-1,-1,-1,-1,-1,2,43,1,-1,0,-1,-1,-1,1
cifar10-592_1,157476,0,5330,2,-1,-1,-1,-1,-1,2,43,1,-1,0,-1,-1,-1,1
yolov3-593_1,158000,0,5367,4,-1,-1,-1,-1,-1,2,43,1,-1,0,-1,-1,-1,0
cifar10-594_1,158273,4533,5368,1,-1,-1,-1,-1,-1,2,43,1,-1,0,-1,-1,-1,1
cifar10-595_1,158489,0,5373,1,-1,-1,-1,-1,-1,2,43,1,-1,0,-1,-1,-1,1
cifar10-596_1,158559,5049,5406,1,-1,-1,-1,-1,-1,2,43,1,-1,0,-1,-1,-1,1
cifar10-597_1,158593,0,5409,2,-1,-1,-1,-1,-1,2,43,1,-1,0,-1,-1,-1,1
deepspeech2-598_1,158998,0,5414,1,-1,-1,-1,-1,-1,2,43,1,-1,0,-1,-1,-1,0
bert-599_1,159410,4312,5418,2,-1,-1,-1,-1,-1,2,43,1,-1,0,-1,-1,-1,1
deepspeech2-600_1,159629,0,5422,6,-1,-1,-1,-1,-1,2,43,1,-1,0,-1,-1,-1,0
imagenet-601_1,160219,0,5423,1,-1,-1,-1,-1,-1,2,43,1,-1,0,-1,-1,-1,0
imagenet-602_1,160243,0,5437,1,-1,-1,-1,-1,-1,2,43,1,-1,0,-1,-1,-1,0
cifar10-603_1,160252,3610,5439,1,-1,-1,-1,-1,-1,2,43,1,-1,0,-1,-1,-1,1
bert-604_1,160723,3279,5439,2,-1,-1,-1,-1,-1,2,43,1,-1,0,-1,-1,-1,1
cifar10-605_1,160739,3395,5444,6,-1,-1,-1,-1,-1,2,43,1,-1,0,-1,-1,-1,1
yolov3-606_1,160785,0,5452,4,-1,-1,-1,-1,-1,2,43,1,-1,0,-1,-1,-1,0
cifar10-607_1,161245,3228,5458,1,-1,-1,-1,-1,-1,2,43,1,-1,0,-1,-1,-1,1
cifar10-608_1,161454,4350,5459,8,-1,-1,-1,-1,-1,2,43,1,-1,0,-1,-1,-1,1
cifar10-609_1,161559,6177,5459,6,-1,-1,-1,-1,-1,2,43,1,-1,0,-1,-1,-1,1
cifar10-610_1,161780,0,5472,2,-1,-1,-1,-1,-1,2,7,2,-1,0,-1,-1,-1,1
cifar10-611_1,161803,5449,5472,2,-1,-1,-1,-1,-1,2,43,1,-1,0,-1,-1,-1,1
cifar10-612_1,162223,7217,5478,8,-1,-1,-1,-1,-1,2,7,2,-1,0,-1,-1,-1,1
cifar10-613_1,162664,7267,5478,8,-1,-1,-1,-1,-1,2,7,2,-1,0,-1,-1,-1,1
yolov3-614_1,162702,0,5493,4,-1,-1,-1,-1,-1,2,43,1,-1,0,-1,-1,-1,0
bert-615_1,162752,8510,5495,6,-1,-1,-1,-1,-1,2,71,1,-1,0,-1,-1,-1,1
cifar10-616_1,163022,9701,5506,4,-1,-1,-1,-1,-1,2,43,1,-1,0,-1,-1,-1,1
cifar10-617_1,163141,10054,5552,2,-1,-1,-1,-1,-1,2,71,1,-1,0,-1,-1,-1,1
yolov3-618_1,163592,0,5567,4,-1,-1,-1,-1,-1,2,6,1,-1,0,-1,-1,-1,0
cifar10-619_1,163773,11145,5587,6,-1,-1,-1,-1,-1,2,6,1,-1,0,-1,-1,-1,1
cifar10-620_1,163883,0,5588,6,-1,-1,-1,-1,-1,2,6,1,-1,0,-1,-1,-1,1
cifar10-621_1,163894,5577,5599,2,-1,-1,-1,-1,-1,2,6,1,-1,0,-1,-1,-1,1
cifar10-622_1,164100,0,5600,1,-1,-1,-1,-1,-1,2,6,1,-1,0,-1,-1,-1,1
cifar10-623_1,164178,0,5600,2,-1,-1,-1,-1,-1,2,6,1,-1,0,-1,-1,-1,1
bert-624_1,164179,0,5601,1,-1,-1,-1,-1,-1,2,6,1,-1,0,-1,-1,-1,1
cifar10-625_1,164198,5580,5622,2,-1,-1,-1,-1,-1,2,6,1,-1,0,-1,-1,-1,1
cifar10-626_1,164211,0,5622,1,-1,-1,-1,-1,-1,2,6,1,-1,0,-1,-1,-1,1
cifar10-627_1,164617,5163,5624,1,-1,-1,-1,-1,-1,2,7,2,-1,0,-1,-1,-1,1
cifar10-628_1,164958,10112,5625,2,-1,-1,-1,-1,-1,2,43,1,-1,0,-1,-1,-1,1
cifar10-629_1,165222,10177,5631,2,-1,-1,-1,-1,-1,2,43,1,-1,0,-1,-1,-1,1
cifar10-630_1,165255,10148,5632,2,-1,-1,-1,-1,-1,2,43,1,-1,0,-1,-1,-1,1
cifar10-631_1,166115,9293,5632,8,-1,-1,-1,-1,-1,2,43,1,-1,0,-1,-1,-1,1
cifar10-632_1,166186,10571,5634,2,-1,-1,-1,-1,-1,2,2,1,-1,0,-1,-1,-1,1
cifar10-633_1,166415,0,5649,2,-1,-1,-1,-1,-1,2,2,1,-1,0,-1,-1,-1,1
bert-634_1,166516,0,5671,2,-1,-1,-1,-1,-1,2,2,1,-1,0,-1,-1,-1,1
bert-635_1,166741,5323,5671,1,-1,-1,-1,-1,-1,2,2,1,-1,0,-1,-1,-1,1
deepspeech2-636_1,166925,0,5677,2,-1,-1,-1,-1,-1,2,22,2,-1,0,-1,-1,-1,0
cifar10-637_1,167229,4958,5682,2,-1,-1,-1,-1,-1,2,43,1,-1,0,-1,-1,-1,1
bert-638_1,167307,10428,5688,2,-1,-1,-1,-1,-1,2,7,2,-1,0,-1,-1,-1,1
bert-639_1,167422,10446,5688,2,-1,-1,-1,-1,-1,2,7,2,-1,0,-1,-1,-1,1
deepspeech2-640_1,168276,0,5693,1,-1,-1,-1,-1,-1,2,7,2,-1,0,-1,-1,-1,0
deepspeech2-641_1,168385,0,5694,1,-1,-1,-1,-1,-1,2,7,2,-1,0,-1,-1,-1,0
bert-642_1,168471,9758,5696,1,-1,-1,-1,-1,-1,2,7,2,-1,0,-1,-1,-1,1
cifar10-643_1,168849,0,5703,2,-1,-1,-1,-1,-1,2,7,2,-1,0,-1,-1,-1,1
cifar10-644_1,168989,11516,5709,8,-1,-1,-1,-1,-1,2,7,2,-1,0,-1,-1,-1,1
deepspeech2-645_1,169192,0,5720,2,-1,-1,-1,-1,-1,2,7,2,-1,0,-1,-1,-1,0
bert-646_1,170454,0,5744,1,-1,-1,-1,-1,-1,2,7,2,-1,0,-1,-1,-1,1
deepspeech2-647_1,170734,0,5751,1,-1,-1,-1,-1,-1,2,7,2,-1,0,-1,-1,-1,0
bert-648_1,170794,0,5763,1,-1,-1,-1,-1,-1,2,7,2,-1,0,-1,-1,-1,1
bert-649_1,171068,5129,5763,2,-1,-1,-1,-1,-1,2,7,2,-1,0,-1,-1,-1,1
bert-650_1,171124,9916,5770,8,-1,-1,-1,-1,-1,2,43,1,-1,0,-1,-1,-1,1
deepspeech2-651_1,171726,0,5771,2,-1,-1,-1,-1,-1,2,43,1,-1,0,-1,-1,-1,0
cifar10-652_1,171980,0,5820,2,-1,-1,-1,-1,-1,2,43,1,-1,0,-1,-1,-1,1
cifar10-653_1,171989,0,5824,1,-1,-1,-1,-1,-1,2,43,1,-1,0,-1,-1,-1,1
cifar10-654_1,172378,0,5832,1,-1,-1,-1,-1,-1,2,43,1,-1,0,-1,-1,-1,1
cifar10-655_1,172420,9541,5837,8,-1,-1,-1,-1,-1,2,43,1,-1,0,-1,-1,-1,1
cifar10-656_1,173031,13182,5837,16,-1,-1,-1,-1,-1,2,7,2,-1,0,-1,-1,-1,1
cifar10-657_1,173168,13642,5838,8,-1,-1,-1,-1,-1,2,7,2,-1,0,-1,-1,-1,1
cifar10-658_1,173313,14485,5838,2,-1,-1,-1,-1,-1,2,71,1,-1,0,-1,-1,-1,1
cifar10-659_1,174072,0,5838,1,-1,-1,-1,-1,-1,2,84,1,-1,0,-1,-1,-1,1
deepspeech2-660_1,174105,0,5839,8,-1,-1,-1,-1,-1,2,7,2,-1,0,-1,-1,-1,0
cifar10-661_1,174155,17896,5842,16,-1,-1,-1,-1,-1,2,84,1,-1,0,-1,-1,-1,1
cifar10-662_1,174218,19417,5843,16,-1,-1,-1,-1,-1,2,84,1,-1,0,-1,-1,-1,1
cifar10-663_1,174317,23575,5853,1,-1,-1,-1,-1,-1,2,84,1,-1,0,-1,-1,-1,1
bert-664_1,175625,0,5854,1,-1,-1,-1,-1,-1,2,84,1,-1,0,-1,-1,-1,1
deepspeech2-665_1,176024,0,5856,1,-1,-1,-1,-1,-1,2,84,1,-1,0,-1,-1,-1,0
yolov3-666_1,176646,0,5886,4,-1,-1,-1,-1,-1,2,84,1,-1,0,-1,-1,-1,0
cifar10-667_1,177036,0,5902,8,-1,-1,-1,-1,-1,2,84,1,-1,0,-1,-1,-1,1
deepspeech2-668_1,177354,0,5914,1,-1,-1,-1,-1,-1,2,84,1,-1,0,-1,-1,-1,0
cifar10-669_1,177483,5455,5915,8,-1,-1,-1,-1,-1,2,84,1,-1,0,-1,-1,-1,1
deepspeech2-670_1,178951,0,5920,8,-1,-1,-1,-1,-1,2,84,1,-1,0,-1,-1,-1,0
deepspeech2-671_1,179092,0,5921,8,-1,-1,-1,-1,-1,2,84,1,-1,0,-1,-1,-1,0
bert-672_1,179340,0,5926,1,-1,-1,-1,-1,-1,2,84,1,-1,0,-1,-1,-1,1
cifar10-673_1,179872,19606,5927,16,-1,-1,-1,-1,-1,2,84,1,-1,0,-1,-1,-1,1
bert-674_1,180339,23406,5928,16,-1,-1,-1,-1,-1,2,84,1,-1,0,-1,-1,-1,1
cifar10-675_1,180397,25007,5930,1,-1,-1,-1,-1,-1,2,84,1,-1,0,-1,-1,-1,1
cifar10-676_1,180411,0,5938,8,-1,-1,-1,-1,-1,2,84,1,-1,0,-1,-1,-1,1
cifar10-677_1,180572,0,5940,4,-1,-1,-1,-1,-1,2,84,1,-1,0,-1,-1,-1,1
cifar10-678_1,180595,29078,5941,16,-1,-1,-1,-1,-1,2,71,1,-1,0,-1,-1,-1,1
cifar10-679_1,180667,0,5942,8,-1,-1,-1,-1,-1,2,84,1,-1,0,-1,-1,-1,1
cifar10-680_1,180964,30370,5948,16,-1,-1,-1,-1,-1,2,84,1,-1,0,-1,-1,-1,1
cifar10-681_1,181692,33921,5950,4,-1,-1,-1,-1,-1,2,84,1,-1,0,-1,-1,-1,1
cifar10-682_1,181950,0,5987,8,-1,-1,-1,-1,-1,2,84,1,-1,0,-1,-1,-1,1
cifar10-683_1,182084,0,5987,1,-1,-1,-1,-1,-1,2,84,1,-1,0,-1,-1,-1,1
bert-684_1,182223,0,5987,2,-1,-1,-1,-1,-1,2,84,1,-1,0,-1,-1,-1,1
deepspeech2-685_1,182389,0,5987,1,-1,-1,-1,-1,-1,2,84,1,-1,0,-1,-1,-1,0
deepspeech2-686_1,182498,0,5989,1,-1,-1,-1,-1,-1,2,84,1,-1,0,-1,-1,-1,0
deepspeech2-687_1,183058,0,5991,1,-1,-1,-1,-1,-1,2,84,1,-1,0,-1,-1,-1,0
deepspeech2-688_1,183218,0,6006,1,-1,-1,-1,-1,-1,2,2,1,-1,0,-1,-1,-1,0
cifar10-689_1,183317,0,6013,1,-1,-1,-1,-1,-1,2,84,1,-1,0,-1,-1,-1,1
cifar10-690_1,183533,4404,6015,2,-1,-1,-1,-1,-1,2,84,1,-1,0,-1,-1,-1,1
bert-691_1,184597,3613,6028,8,-1,-1,-1,-1,-1,2,84,1,-1,0,-1,-1,-1,1
cifar10-692_1,184874,32408,6028,16,-1,-1,-1,-1,-1,2,84,1,-1,0,-1,-1,-1,1
bert-693_1,184901,36662,6035,16,-1,-1,-1,-1,-1,2,2,1,-1,0,-1,-1,-1,1
cifar10-694_1,185224,38086,6044,8,-1,-1,-1,-1,-1,2,84,1,-1,0,-1,-1,-1,1
bert-695_1,185581,42017,6064,16,-1,-1,-1,-1,-1,2,84,1,-1,0,-1,-1,-1,1
cifar10-696_1,186634,0,6071,1,-1,-1,-1,-1,-1,2,84,1,-1,0,-1,-1,-1,1
bert-697_1,187208,0,6089,2,-1,-1,-1,-1,-1,2,84,1,-1,0,-1,-1,-1,1
cifar10-698_1,187212,0,6119,2,-1,-1,-1,-1,-1,2,2,1,-1,0,-1,-1,-1,1
cifar10-699_1,187260,0,6123,2,-1,-1,-1,-1,-1,2,84,1,-1,0,-1,-1,-1,1
yolov3-700_1,188107,0,6129,4,-1,-1,-1,-1,-1,2,84,1,-1,0,-1,-1,-1,0
cifar10-701_1,188168,5215,6133,8,-1,-1,-1,-1,-1,2,84,1,-1,0,-1,-1,-1,1
deepspeech2-702_1,188203,0,6143,1,-1,-1,-1,-1,-1,2,84,1,-1,0,-1,-1,-1,0
deepspeech2-703_1,188754,0,6162,8,-1,-1,-1,-1,-1,2,84,1,-1,0,-1,-1,-1,0
cifar10-704_1,188959,10557,6164,2,-1,-1,-1,-1,-1,2,84,1,-1,0,-1,-1,-1,1
cifar10-705_1,189114,0,6174,4,-1,-1,-1,-1,-1,2,7,2,-1,0,-1,-1,-1,1
cifar10-706_1,189441,0,6177,1,-1,-1,-1,-1,-1,2,84,1,-1,0,-1,-1,-1,1
bert-707_1,189733,5555,6179,2,-1,-1,-1,-1,-1,2,84,1,-1,0,-1,-1,-1,1
cifar10-708_1,190531,15148,6230,8,-1,-1,-1,-1,-1,2,84,1,-1,0,-1,-1,-1,1
deepspeech2-709_1,190887,0,6238,6,-1,-1,-1,-1,-1,2,84,1,-1,0,-1,-1,-1,0
deepspeech2-710_1,191161,0,6239,8,-1,-1,-1,-1,-1,2,84,1,-1,0,-1,-1,-1,0
bert-711_1,191263,38089,6279,16,-1,-1,-1,-1,-1,2,84,1,-1,0,-1,-1,-1,1
deepspeech2-712_1,191299,0,6280,1,-1,-1,-1,-1,-1,2,84,1,-1,0,-1,-1,-1,0
cifar10-713_1,192008,41653,6284,1,-1,-1,-1,-1,-1,2,84,1,-1,0,-1,-1,-1,1
cifar10-714_1,192099,43532,6300,16,-1,-1,-1,-1,-1,2,84,1,-1,0,-1,-1,-1,1
deepspeech2-715_1,192831,1404,6301,8,-1,-1,-1,-1,-1,2,84,1,-1,0,-1,-1,-1,0
bert-716_1,193218,0,6308,8,-1,-1,-1,-1,-1,2,84,1,-1,0,-1,-1,-1,1
bert-717_1,193375,6151,6308,8,-1,-1,-1,-1,-1,2,84,1,-1,0,-1,-1,-1,1
yolov3-718_1,193491,1425,6315,4,-1,-1,-1,-1,-1,2,71,1,-1,0,-1,-1,-1,0
bert-719_1,193745,0,6318,6,-1,-1,-1,-1,-1,2,84,1,-1,0,-1,-1,-1,1
bert-720_1,193781,0,6322,1,-1,-1,-1,-1,-1,2,84,1,-1,0,-1,-1,-1,1
deepspeech2-721_1,193949,3176,6322,6,-1,-1,-1,-1,-1,2,7,2,-1,0,-1,-1,-1,0
cifar10-722_1,194390,11443,6325,8,-1,-1,-1,-1,-1,2,84,1,-1,0,-1,-1,-1,1
deepspeech2-723_1,194560,0,6331,1,-1,-1,-1,-1,-1,2,71,1,-1,0,-1,-1,-1,0
deepspeech2-724_1,194626,2774,6332,8,-1,-1,-1,-1,-1,2,84,1,-1,0,-1,-1,-1,0
cifar10-725_1,195016,0,6338,1,-1,-1,-1,-1,-1,2,84,1,-1,0,-1,-1,-1,1
cifar10-726_1,195276,0,6348,6,-1,-1,-1,-1,-1,2,84,1,-1,0,-1,-1,-1,1
cifar10-727_1,195578,16580,6348,8,-1,-1,-1,-1,-1,2,84,1,-1,0,-1,-1,-1,1
bert-728_1,195732,0,6351,1,-1,-1,-1,-1,-1,2,84,1,-1,0,-1,-1,-1,1
bert-729_1,195839,44105,6354,16,-1,-1,-1,-1,-1,2,71,1,-1,0,-1,-1,-1,1
cifar10-730_1,196434,45496,6357,1,-1,-1,-1,-1,-1,2,84,1,-1,0,-1,-1,-1,1
cifar10-731_1,197052,49247,6358,16,-1,-1,-1,-1,-1,2,84,1,-1,0,-1,-1,-1,1
deepspeech2-732_1,197196,3341,6363,8,-1,-1,-1,-1,-1,2,84,1,-1,0,-1,-1,-1,0
deepspeech2-733_1,197384,0,6368,1,-1,-1,-1,-1,-1,2,71,1,-1,0,-1,-1,-1,0
deepspeech2-734_1,197412,3818,6371,6,-1,-1,-1,-1,-1,2,84,1,-1,0,-1,-1,-1,0
deepspeech2-735_1,197630,5817,6373,6,-1,-1,-1,-1,-1,2,84,1,-1,0,-1,-1,-1,0
bert-736_1,197927,50360,6376,16,-1,-1,-1,-1,-1,2,84,1,-1,0,-1,-1,-1,1
deepspeech2-737_1,199322,0,6378,1,-1,-1,-1,-1,-1,2,84,1,-1,0,-1,-1,-1,0
deepspeech2-738_1,199453,4278,6378,8,-1,-1,-1,-1,-1,2,84,1,-1,0,-1,-1,-1,0
deepspeech2-739_1,199583,0,6388,1,-1,-1,-1,-1,-1,2,84,1,-1,0,-1,-1,-1,0
deepspeech2-740_1,199835,0,6400,1,-1,-1,-1,-1,-1,2,84,1,-1,0,-1,-1,-1,0
deepspeech2-741_1,199914,3839,6404,1,-1,-1,-1,-1,-1,2,84,1,-1,0,-1,-1,-1,0
deepspeech2-742_1,200166,6733,6407,6,-1,-1,-1,-1,-1,2,84,1,-1,0,-1,-1,-1,0
bert-743_1,200185,52471,6411,1,-1,-1,-1,-1,-1,2,84,1,-1,0,-1,-1,-1,1
deepspeech2-744_1,200915,0,6423,1,-1,-1,-1,-1,-1,2,84,1,-1,0,-1,-1,-1,0
bert-745_1,201017,53645,6423,16,-1,-1,-1,-1,-1,2,71,1,-1,0,-1,-1,-1,1
deepspeech2-746_1,201247,6354,6435,6,-1,-1,-1,-1,-1,2,84,1,-1,0,-1,-1,-1,0
cifar10-747_1,201437,0,6435,1,-1,-1,-1,-1,-1,2,84,1,-1,0,-1,-1,-1,1
cifar10-748_1,202144,0,6443,4,-1,-1,-1,-1,-1,2,84,1,-1,0,-1,-1,-1,1
deepspeech2-749_1,203123,0,6456,1,-1,-1,-1,-1,-1,2,84,1,-1,0,-1,-1,-1,0
deepspeech2-750_1,203518,0,6456,1,-1,-1,-1,-1,-1,2,71,1,-1,0,-1,-1,-1,0
bert-751_1,204405,0,6462,1,-1,-1,-1,-1,-1,2,84,1,-1,0,-1,-1,-1,1
cifar10-752_1,204554,0,6466,6,-1,-1,-1,-1,-1,2,84,1,-1,0,-1,-1,-1,1
cifar10-753_1,204670,3918,6481,6,-1,-1,-1,-1,-1,2,84,1,-1,0,-1,-1,-1,1
bert-754_1,205178,53889,6502,16,-1,-1,-1,-1,-1,2,84,1,-1,0,-1,-1,-1,1
bert-755_1,205812,55273,6526,16,-1,-1,-1,-1,-1,2,84,1,-1,0,-1,-1,-1,1
bert-756_1,206016,59552,6526,1,-1,-1,-1,-1,-1,2,84,1,-1,0,-1,-1,-1,1
cifar10-757_1,206113,0,6537,4,-1,-1,-1,-1,-1,2,84,1,-1,0,-1,-1,-1,1
cifar10-758_1,206134,61476,6537,16,-1,-1,-1,-1,-1,2,84,1,-1,0,-1,-1,-1,1
cifar10-759_1,206270,0,6538,1,-1,-1,-1,-1,-1,2,84,1,-1,0,-1,-1,-1,1
cifar10-760_1,206659,0,6547,1,-1,-1,-1,-1,-1,2,84,1,-1,0,-1,-1,-1,1
cifar10-761_1,206919,65175,6572,16,-1,-1,-1,-1,-1,2,84,1,-1,0,-1,-1,-1,1
deepspeech2-762_1,207208,2612,6579,7,-1,-1,-1,-1,-1,2,84,1,-1,0,-1,-1,-1,0
cifar10-763_1,207323,66823,6580,1,-1,-1,-1,-1,-1,2,84,1,-1,0,-1,-1,-1,1
cifar10-764_1,207339,0,6581,1,-1,-1,-1,-1,-1,2,84,1,-1,0,-1,-1,-1,1
cifar10-765_1,207930,0,6582,1,-1,-1,-1,-1,-1,2,84,1,-1,0,-1,-1,-1,1
cifar10-766_1,208100,70565,6582,16,-1,-1,-1,-1,-1,2,7,2,-1,0,-1,-1,-1,1
cifar10-767_1,208263,0,6582,4,-1,-1,-1,-1,-1,2,84,1,-1,0,-1,-1,-1,1
deepspeech2-768_1,208312,0,6588,1,-1,-1,-1,-1,-1,2,71,1,-1,0,-1,-1,-1,0
bert-769_1,208968,0,6596,1,-1,-1,-1,-1,-1,2,84,1,-1,0,-1,-1,-1,1
deepspeech2-770_1,209132,0,6601,1,-1,-1,-1,-1,-1,2,84,1,-1,0,-1,-1,-1,0
bert-771_1,209289,71437,6622,16,-1,-1,-1,-1,-1,2,84,1,-1,0,-1,-1,-1,1
bert-772_1,209465,75781,6623,16,-1,-1,-1,-1,-1,2,84,1,-1,0,-1,-1,-1,1
cifar10-773_1,209537,77810,6630,1,-1,-1,-1,-1,-1,2,84,1,-1,0,-1,-1,-1,1
cifar10-774_1,209787,0,6630,1,-1,-1,-1,-1,-1,2,84,1,-1,0,-1,-1,-1,1
cifar10-775_1,209920,0,6634,1,-1,-1,-1,-1,-1,2,84,1,-1,0,-1,-1,-1,1
bert-776_1,209982,81887,6635,16,-1,-1,-1,-1,-1,2,84,1,-1,0,-1,-1,-1,1
deepspeech2-777_1,210096,0,6636,1,-1,-1,-1,-1,-1,2,71,1,-1,0,-1,-1,-1,0
bert-778_1,210678,0,6637,2,-1,-1,-1,-1,-1,2,84,1,-1,0,-1,-1,-1,1
yolov3-779_1,210704,0,6663,4,-1,-1,-1,-1,-1,2,7,2,-1,0,-1,-1,-1,0
cifar10-780_1,210936,0,6670,2,-1,-1,-1,-1,-1,2,7,2,-1,0,-1,-1,-1,1
cifar10-781_1,211111,0,6681,1,-1,-1,-1,-1,-1,2,84,1,-1,0,-1,-1,-1,1
bert-782_1,211138,0,6688,8,-1,-1,-1,-1,-1,2,84,1,-1,0,-1,-1,-1,1
cifar10-783_1,211368,0,6697,1,-1,-1,-1,-1,-1,2,7,2,-1,0,-1,-1,-1,1
cifar10-784_1,211663,0,6698,1,-1,-1,-1,-1,-1,2,7,2,-1,0,-1,-1,-1,1
cifar10-785_1,211786,5529,6699,1,-1,-1,-1,-1,-1,2,84,1,-1,0,-1,-1,-1,1
cifar10-786_1,211824,0,6699,1,-1,-1,-1,-1,-1,2,7,2,-1,0,-1,-1,-1,1
cifar10-787_1,211882,5725,6702,1,-1,-1,-1,-1,-1,2,7,2,-1,0,-1,-1,-1,1
cifar10-788_1,212030,0,6705,1,-1,-1,-1,-1,-1,2,84,1,-1,0,-1,-1,-1,1
cifar10-789_1,212870,4921,6713,1,-1,-1,-1,-1,-1,2,84,1,-1,0,-1,-1,-1,1
cifar10-790_1,213027,4799,6722,1,-1,-1,-1,-1,-1,2,7,2,-1,0,-1,-1,-1,1
bert-791_1,213202,0,6756,1,-1,-1,-1,-1,-1,2,7,2,-1,0,-1,-1,-1,1
bert-792_1,213219,0,6768,2,-1,-1,-1,-1,-1,2,84,1,-1,0,-1,-1,-1,1
bert-793_1,214218,0,6768,1,-1,-1,-1,-1,-1,2,84,1,-1,0,-1,-1,-1,1
cifar10-794_1,214809,0,6775,1,-1,-1,-1,-1,-1,2,84,1,-1,0,-1,-1,-1,1
cifar10-795_1,215070,0,6775,1,-1,-1,-1,-1,-1,2,84,1,-1,0,-1,-1,-1,1
cifar10-796_1,215193,0,6777,1,-1,-1,-1,-1,-1,2,84,1,-1,0,-1,-1,-1,1
yolov3-797_1,215297,0,6781,4,-1,-1,-1,-1,-1,2,84,1,-1,0,-1,-1,-1,0
bert-798_1,215770,2296,6788,1,-1,-1,-1,-1,-1,2,84,1,-1,0,-1,-1,-1,1
deepspeech2-799_1,216414,0,6804,1,-1,-1,-1,-1,-1,2,84,1,-1,0,-1,-1,-1,0
cifar10-800_1,216511,1850,6806,1,-1,-1,-1,-1,-1,2,84,1,-1,0,-1,-1,-1,1
deepspeech2-801_1,216687,0,6810,1,-1,-1,-1,-1,-1,2,71,1,-1,0,-1,-1,-1,0
bert-802_1,217295,4549,6829,8,-1,-1,-1,-1,-1,2,84,1,-1,0,-1,-1,-1,1
deepspeech2-803_1,217443,0,6834,1,-1,-1,-1,-1,-1,2,84,1,-1,0,-1,-1,-1,0
deepspeech2-804_1,218203,0,6849,6,-1,-1,-1,-1,-1,2,84,1,-1,0,-1,-1,-1,0
deepspeech2-805_1,218278,0,6858,6,-1,-1,-1,-1,-1,2,84,1,-1,0,-1,-1,-1,0
bert-806_1,218992,2978,6904,1,-1,-1,-1,-1,-1,2,84,1,-1,0,-1,-1,-1,1
deepspeech2-807_1,219401,0,6915,1,-1,-1,-1,-1,-1,2,84,1,-1,0,-1,-1,-1,0
deepspeech2-808_1,220119,0,6918,1,-1,-1,-1,-1,-1,2,84,1,-1,0,-1,-1,-1,0
cifar10-809_1,220229,4937,6919,6,-1,-1,-1,-1,-1,2,84,1,-1,0,-1,-1,-1,1
bert-810_1,220615,8058,6923,8,-1,-1,-1,-1,-1,2,71,1,-1,0,-1,-1,-1,1
cifar10-811_1,220886,11199,6933,2,-1,-1,-1,-1,-1,2,84,1,-1,0,-1,-1,-1,1
bert-812_1,221101,0,6935,2,-1,-1,-1,-1,-1,2,84,1,-1,0,-1,-1,-1,1
bert-813_1,221736,0,6937,1,-1,-1,-1,-1,-1,2,84,1,-1,0,-1,-1,-1,1
deepspeech2-814_1,221797,0,6942,1,-1,-1,-1,-1,-1,2,71,1,-1,0,-1,-1,-1,0
deepspeech2-815_1,222003,0,6948,1,-1,-1,-1,-1,-1,2,84,1,-1,0,-1,-1,-1,0
cifar10-816_1,222501,0,6952,1,-1,-1,-1,-1,-1,2,84,1,-1,0,-1,-1,-1,1
bert-817_1,223102,12494,6954,8,-1,-1,-1,-1,-1,2,84,1,-1,0,-1,-1,-1,1
bert-818_1,223375,0,6961,1,-1,-1,-1,-1,-1,2,71,1,-1,0,-1,-1,-1,1
deepspeech2-819_1,223525,0,6961,1,-1,-1,-1,-1,-1,2,84,1,-1,0,-1,-1,-1,0
deepspeech2-820_1,223717,0,6963,1,-1,-1,-1,-1,-1,2,84,1,-1,0,-1,-1,-1,0
bert-821_1,224137,0,6972,2,-1,-1,-1,-1,-1,2,84,1,-1,0,-1,-1,-1,1
bert-822_1,224340,18210,6975,8,-1,-1,-1,-1,-1,2,84,1,-1,0,-1,-1,-1,1
bert-823_1,224484,0,6989,1,-1,-1,-1,-1,-1,2,84,1,-1,0,-1,-1,-1,1
cifar10-824_1,224513,0,7016,4,-1,-1,-1,-1,-1,2,84,1,-1,0,-1,-1,-1,1
deepspeech2-825_1,224746,0,7020,1,-1,-1,-1,-1,-1,2,84,1,-1,0,-1,-1,-1,0
deepspeech2-826_1,225107,0,7028,1,-1,-1,-1,-1,-1,2,84,1,-1,0,-1,-1,-1,0
bert-827_1,225141,0,7032,1,-1,-1,-1,-1,-1,2,84,1,-1,0,-1,-1,-1,1
bert-828_1,225478,0,7032,1,-1,-1,-1,-1,-1,2,84,1,-1,0,-1,-1,-1,1
cifar10-829_1,225883,5590,7043,1,-1,-1,-1,-1,-1,2,84,1,-1,0,-1,-1,-1,1
cifar10-830_1,226055,5474,7058,1,-1,-1,-1,-1,-1,2,84,1,-1,0,-1,-1,-1,1
deepspeech2-831_1,226432,0,7068,6,-1,-1,-1,-1,-1,2,84,1,-1,0,-1,-1,-1,0
cifar10-832_1,226513,0,7076,2,-1,-1,-1,-1,-1,2,84,1,-1,0,-1,-1,-1,1
deepspeech2-833_1,227229,0,7087,1,-1,-1,-1,-1,-1,2,84,1,-1,0,-1,-1,-1,0
bert-834_1,227258,22266,7088,8,-1,-1,-1,-1,-1,2,84,1,-1,0,-1,-1,-1,1
bert-835_1,227371,0,7088,2,-1,-1,-1,-1,-1,2,84,1,-1,0,-1,-1,-1,1
bert-836_1,227407,0,7092,2,-1,-1,-1,-1,-1,2,44,1,-1,0,-1,-1,-1,1
deepspeech2-837_1,227416,0,7101,6,-1,-1,-1,-1,-1,2,84,1,-1,0,-1,-1,-1,0
cifar10-838_1,227441,0,7105,1,-1,-1,-1,-1,-1,2,84,1,-1,0,-1,-1,-1,1
cifar10-839_1,229933,0,7122,1,-1,-1,-1,-1,-1,2,84,1,-1,0,-1,-1,-1,1
bert-840_1,229966,4580,7147,6,-1,-1,-1,-1,-1,2,84,1,-1,0,-1,-1,-1,1
cifar10-841_1,230093,6962,7159,1,-1,-1,-1,-1,-1,2,84,1,-1,0,-1,-1,-1,1
deepspeech2-842_1,230690,0,7165,1,-1,-1,-1,-1,-1,2,84,1,-1,0,-1,-1,-1,0
deepspeech2-843_1,230757,0,7182,6,-1,-1,-1,-1,-1,2,84,1,-1,0,-1,-1,-1,0
deepspeech2-844_1,230825,0,7193,6,-1,-1,-1,-1,-1,2,84,1,-1,0,-1,-1,-1,0
yolov3-845_1,230985,0,7194,4,-1,-1,-1,-1,-1,2,84,1,-1,0,-1,-1,-1,0
cifar10-846_1,231219,10473,7206,1,-1,-1,-1,-1,-1,2,84,1,-1,0,-1,-1,-1,1
deepspeech2-847_1,231352,414,7222,1,-1,-1,-1,-1,-1,2,84,1,-1,0,-1,-1,-1,0
deepspeech2-848_1,231381,754,7229,1,-1,-1,-1,-1,-1,2,7,2,-1,0,-1,-1,-1,0
cifar10-849_1,231697,0,7246,1,-1,-1,-1,-1,-1,2,7,2,-1,0,-1,-1,-1,1
bert-850_1,231868,24743,7256,8,-1,-1,-1,-1,-1,2,7,2,-1,0,-1,-1,-1,1
deepspeech2-851_1,231940,2577,7259,8,-1,-1,-1,-1,-1,2,84,1,-1,0,-1,-1,-1,0
deepspeech2-852_1,232038,0,7259,1,-1,-1,-1,-1,-1,2,7,2,-1,0,-1,-1,-1,0
deepspeech2-853_1,232120,0,7260,1,-1,-1,-1,-1,-1,2,7,2,-1,0,-1,-1,-1,0
cifar10-854_1,232267,0,7261,1,-1,-1,-1,-1,-1,2,84,1,-1,0,-1,-1,-1,1
cifar10-855_1,232331,0,7262,2,-1,-1,-1,-1,-1,2,7,2,-1,0,-1,-1,-1,1
bert-856_1,232442,0,7264,1,-1,-1,-1,-1,-1,2,84,1,-1,0,-1,-1,-1,1
bert-857_1,232448,61529,7264,16,-1,-1,-1,-1,-1,2,7,2,-1,0,-1,-1,-1,1
cifar10-858_1,232531,65971,7265,4,-1,-1,-1,-1,-1,2,84,1,-1,0,-1,-1,-1,1
deepspeech2-859_1,232559,0,7265,1,-1,-1,-1,-1,-1,2,84,1,-1,0,-1,-1,-1,0
deepspeech2-860_1,232776,0,7271,1,-1,-1,-1,-1,-1,2,84,1,-1,0,-1,-1,-1,0
deepspeech2-861_1,232906,0,7277,1,-1,-1,-1,-1,-1,2,84,1,-1,0,-1,-1,-1,0
deepspeech2-862_1,233170,4684,7278,1,-1,-1,-1,-1,-1,2,84,1,-1,0,-1,-1,-1,0
bert-863_1,233285,0,7280,1,-1,-1,-1,-1,-1,2,84,1,-1,0,-1,-1,-1,1
deepspeech2-864_1,233389,4550,7282,1,-1,-1,-1,-1,-1,2,84,1,-1,0,-1,-1,-1,0
deepspeech2-865_1,233581,0,7282,1,-1,-1,-1,-1,-1,2,84,1,-1,0,-1,-1,-1,0
bert-866_1,233942,67298,7283,16,-1,-1,-1,-1,-1,2,7,2,-1,0,-1,-1,-1,1
bert-867_1,234358,71409,7285,16,-1,-1,-1,-1,-1,2,7,2,-1,0,-1,-1,-1,1
bert-868_1,234667,73855,7286,16,-1,-1,-1,-1,-1,2,84,1,-1,0,-1,-1,-1,1
bert-869_1,234676,78377,7299,1,-1,-1,-1,-1,-1,2,7,2,-1,0,-1,-1,-1,1
cifar10-870_1,234928,0,7303,1,-1,-1,-1,-1,-1,2,84,1,-1,0,-1,-1,-1,1
deepspeech2-871_1,234958,0,7318,1,-1,-1,-1,-1,-1,2,7,2,-1,0,-1,-1,-1,0
bert-872_1,235242,80567,7320,16,-1,-1,-1,-1,-1,2,7,2,-1,0,-1,-1,-1,1
cifar10-873_1,235423,0,7321,1,-1,-1,-1,-1,-1,2,7,2,-1,0,-1,-1,-1,1
cifar10-874_1,235471,0,7324,1,-1,-1,-1,-1,-1,2,7,2,-1,0,-1,-1,-1,1
deepspeech2-875_1,235696,0,7341,1,-1,-1,-1,-1,-1,2,19,2,-1,0,-1,-1,-1,0
deepspeech2-876_1,236113,0,7341,1,-1,-1,-1,-1,-1,2,7,2,-1,0,-1,-1,-1,0
deepspeech2-877_1,236712,0,7359,1,-1,-1,-1,-1,-1,2,7,2,-1,0,-1,-1,-1,0
cifar10-878_1,236987,0,7373,1,-1,-1,-1,-1,-1,2,84,1,-1,0,-1,-1,-1,1
deepspeech2-879_1,237016,1002,7392,1,-1,-1,-1,-1,-1,2,7,2,-1,0,-1,-1,-1,0
deepspeech2-880_1,237129,0,7462,1,-1,-1,-1,-1,-1,2,7,2,-1,0,-1,-1,-1,0
deepspeech2-881_1,237133,0,7482,1,-1,-1,-1,-1,-1,2,7,2,-1,0,-1,-1,-1,0
cifar10-882_1,238427,0,7486,1,-1,-1,-1,-1,-1,2,7,2,-1,0,-1,-1,-1,1
deepspeech2-883_1,238683,0,7497,1,-1,-1,-1,-1,-1,2,7,2,-1,0,-1,-1,-1,0
deepspeech2-884_1,238691,0,7505,1,-1,-1,-1,-1,-1,2,7,2,-1,0,-1,-1,-1,0
deepspeech2-885_1,238950,37,7507,6,-1,-1,-1,-1,-1,2,7,2,-1,0,-1,-1,-1,0
bert-886_1,239112,0,7540,1,-1,-1,-1,-1,-1,2,7,2,-1,0,-1,-1,-1,1
cifar10-887_1,239681,0,7565,6,-1,-1,-1,-1,-1,2,7,2,-1,0,-1,-1,-1,1
cifar10-888_1,239908,0,7566,4,-1,-1,-1,-1,-1,2,7,2,-1,0,-1,-1,-1,1
yolov3-889_1,240172,0,7603,4,-1,-1,-1,-1,-1,2,7,2,-1,0,-1,-1,-1,0
cifar10-890_1,240621,6625,7613,8,-1,-1,-1,-1,-1,2,7,2,-1,0,-1,-1,-1,1
deepspeech2-891_1,240895,0,7626,1,-1,-1,-1,-1,-1,2,7,2,-1,0,-1,-1,-1,0
cifar10-892_1,240934,6539,7652,4,-1,-1,-1,-1,-1,2,7,2,-1,0,-1,-1,-1,1
cifar10-893_1,240978,13880,7654,4,-1,-1,-1,-1,-1,2,7,2,-1,0,-1,-1,-1,1
cifar10-894_1,241253,0,7655,6,-1,-1,-1,-1,-1,2,7,2,-1,0,-1,-1,-1,1
cifar10-895_1,241606,0,7657,1,-1,-1,-1,-1,-1,2,84,1,-1,0,-1,-1,-1,1
cifar10-896_1,241764,7144,7658,2,-1,-1,-1,-1,-1,2,7,2,-1,0,-1,-1,-1,1
cifar10-897_1,242188,0,7659,1,-1,-1,-1,-1,-1,2,7,2,-1,0,-1,-1,-1,1
cifar10-898_1,242652,0,7659,1,-1,-1,-1,-1,-1,2,7,2,-1,0,-1,-1,-1,1
cifar10-899_1,242801,12325,7661,6,-1,-1,-1,-1,-1,2,7,2,-1,0,-1,-1,-1,1
cifar10-900_1,243218,19568,7662,10,-1,-1,-1,-1,-1,2,84,1,-1,0,-1,-1,-1,1
cifar10-901_1,243519,0,7666,1,-1,-1,-1,-1,-1,2,84,1,-1,0,-1,-1,-1,1
cifar10-902_1,243605,26843,7675,8,-1,-1,-1,-1,-1,2,7,2,-1,0,-1,-1,-1,1
cifar10-903_1,243708,0,7710,6,-1,-1,-1,-1,-1,2,7,2,-1,0,-1,-1,-1,1
cifar10-904_1,243767,7651,7745,4,-1,-1,-1,-1,-1,2,84,1,-1,0,-1,-1,-1,1
deepspeech2-905_1,244028,0,7748,1,-1,-1,-1,-1,-1,2,7,2,-1,0,-1,-1,-1,0
deepspeech2-906_1,244403,0,7749,6,-1,-1,-1,-1,-1,2,7,2,-1,0,-1,-1,-1,0
deepspeech2-907_1,244884,0,7749,8,-1,-1,-1,-1,-1,2,84,1,-1,0,-1,-1,-1,0
deepspeech2-908_1,245234,0,7749,1,-1,-1,-1,-1,-1,2,84,1,-1,0,-1,-1,-1,0
deepspeech2-909_1,245527,966,7750,6,-1,-1,-1,-1,-1,2,7,2,-1,0,-1,-1,-1,0
cifar10-910_1,245536,0,7766,1,-1,-1,-1,-1,-1,2,7,2,-1,0,-1,-1,-1,1
cifar10-911_1,245840,0,7790,1,-1,-1,-1,-1,-1,2,84,1,-1,0,-1,-1,-1,1
cifar10-912_1,245952,13212,7794,4,-1,-1,-1,-1,-1,2,7,2,-1,0,-1,-1,-1,1
cifar10-913_1,246116,32006,7826,8,-1,-1,-1,-1,-1,2,7,2,-1,0,-1,-1,-1,1
cifar10-914_1,246189,0,7851,1,-1,-1,-1,-1,-1,2,84,1,-1,0,-1,-1,-1,1
cifar10-915_1,246257,0,7924,1,-1,-1,-1,-1,-1,2,84,1,-1,0,-1,-1,-1,1
cifar10-916_1,246347,0,7928,1,-1,-1,-1,-1,-1,2,7,2,-1,0,-1,-1,-1,1
yolov3-917_1,246398,0,7953,4,-1,-1,-1,-1,-1,2,7,2,-1,0,-1,-1,-1,0
bert-918_1,246426,0,7974,1,-1,-1,-1,-1,-1,2,84,1,-1,0,-1,-1,-1,1
deepspeech2-919_1,247259,0,7974,1,-1,-1,-1,-1,-1,2,84,1,-1,0,-1,-1,-1,0
deepspeech2-920_1,247291,485,7974,1,-1,-1,-1,-1,-1,2,84,1,-1,0,-1,-1,-1,0
cifar10-921_1,247502,38446,7978,8,-1,-1,-1,-1,-1,2,84,1,-1,0,-1,-1,-1,1
cifar10-922_1,249110,0,7978,1,-1,-1,-1,-1,-1,2,84,1,-1,0,-1,-1,-1,1
cifar10-923_1,249141,0,7978,1,-1,-1,-1,-1,-1,2,2,1,-1,0,-1,-1,-1,1
cifar10-924_1,249396,0,7978,1,-1,-1,-1,-1,-1,2,84,1,-1,0,-1,-1,-1,1
cifar10-925_1,249467,7652,7978,6,-1,-1,-1,-1,-1,2,84,1,-1,0,-1,-1,-1,1
imagenet-926_1,249519,0,7980,1,-1,-1,-1,-1,-1,2,84,1,-1,0,-1,-1,-1,0
bert-927_1,249668,15429,8013,6,-1,-1,-1,-1,-1,2,84,1,-1,0,-1,-1,-1,1
cifar10-928_1,249771,23339,8015,6,-1,-1,-1,-1,-1,2,84,1,-1,0,-1,-1,-1,1
cifar10-929_1,250135,30989,8023,6,-1,-1,-1,-1,-1,2,84,1,-1,0,-1,-1,-1,1
cifar10-930_1,250292,0,8045,1,-1,-1,-1,-1,-1,2,84,1,-1,0,-1,-1,-1,1
deepspeech2-931_1,250557,0,8062,1,-1,-1,-1,-1,-1,2,84,1,-1,0,-1,-1,-1,0
deepspeech2-932_1,251244,0,8066,1,-1,-1,-1,-1,-1,2,7,2,-1,0,-1,-1,-1,0
deepspeech2-933_1,251287,864,8150,8,-1,-1,-1,-1,-1,2,84,1,-1,0,-1,-1,-1,0
cifar10-934_1,251317,7021,8157,1,-1,-1,-1,-1,-1,2,84,1,-1,0,-1,-1,-1,1
deepspeech2-935_1,251393,1239,8163,1,-1,-1,-1,-1,-1,2,84,1,-1,0,-1,-1,-1,0
bert-936_1,251401,15093,8165,1,-1,-1,-1,-1,-1,2,84,1,-1,0,-1,-1,-1,1
deepspeech2-937_1,251402,0,8197,1,-1,-1,-1,-1,-1,2,71,1,-1,0,-1,-1,-1,0
bert-938_1,251886,22772,8200,1,-1,-1,-1,-1,-1,2,7,2,-1,0,-1,-1,-1,1
deepspeech2-939_1,252205,0,8214,1,-1,-1,-1,-1,-1,2,84,1,-1,0,-1,-1,-1,0
bert-940_1,252564,30294,8235,1,-1,-1,-1,-1,-1,2,7,2,-1,0,-1,-1,-1,1
bert-941_1,252941,36205,8241,1,-1,-1,-1,-1,-1,2,7,2,-1,0,-1,-1,-1,1
deepspeech2-942_1,254025,0,8242,1,-1,-1,-1,-1,-1,2,84,1,-1,0,-1,-1,-1,0
deepspeech2-943_1,254633,0,8244,1,-1,-1,-1,-1,-1,2,7,2,-1,0,-1,-1,-1,0
deepspeech2-944_1,255158,0,8247,1,-1,-1,-1,-1,-1,2,7,2,-1,0,-1,-1,-1,0
cifar10-945_1,255271,65079,8248,16,-1,-1,-1,-1,-1,2,84,1,-1,0,-1,-1,-1,1
bert-946_1,255481,67647,8251,1,-1,-1,-1,-1,-1,2,7,2,-1,0,-1,-1,-1,1
deepspeech2-947_1,255572,0,8272,6,-1,-1,-1,-1,-1,2,7,2,-1,0,-1,-1,-1,0
cifar10-948_1,255626,0,8273,1,-1,-1,-1,-1,-1,2,84,1,-1,0,-1,-1,-1,1
deepspeech2-949_1,255705,0,8279,6,-1,-1,-1,-1,-1,2,7,2,-1,0,-1,-1,-1,0
cifar10-950_1,255737,0,8298,6,-1,-1,-1,-1,-1,2,7,2,-1,0,-1,-1,-1,1
cifar10-951_1,255802,0,8453,2,-1,-1,-1,-1,-1,2,84,1,-1,0,-1,-1,-1,1
cifar10-952_1,255902,0,8453,6,-1,-1,-1,-1,-1,2,7,2,-1,0,-1,-1,-1,1
cifar10-953_1,256598,7301,8455,1,-1,-1,-1,-1,-1,2,84,1,-1,0,-1,-1,-1,1
cifar10-954_1,256622,7413,8530,4,-1,-1,-1,-1,-1,2,7,2,-1,0,-1,-1,-1,1
cifar10-955_1,256739,7616,8544,10,-1,-1,-1,-1,-1,2,7,2,-1,0,-1,-1,-1,1
cifar10-956_1,257377,71221,8557,16,-1,-1,-1,-1,-1,2,84,1,-1,0,-1,-1,-1,1
cifar10-957_1,258329,0,8602,6,-1,-1,-1,-1,-1,2,7,2,-1,0,-1,-1,-1,1
cifar10-958_1,258390,0,8609,1,-1,-1,-1,-1,-1,2,7,2,-1,0,-1,-1,-1,1
bert-959_1,259127,0,8631,4,-1,-1,-1,-1,-1,2,84,1,-1,0,-1,-1,-1,1